id,prediction
7097320,0.034225423
7097321,0.060664035
7097322,0.028383095
7097323,0.06729417
7097324,0.025377516
7097325,0.03370215
7097326,0.037707508
7097327,0.024844116
7097328,0.03397222
7097329,0.045222335
7097330,0.03841741
7097331,0.030573832
7097332,0.026354002
7097333,0.030921021
7097334,0.020800922
7097335,0.04502114
7097336,0.039479077
7097337,0.022362653
7097338,0.022280615
7097339,0.030232275
7097340,0.02807905
7097341,0.025478851
7097342,0.03532806
7097343,0.020915769
7097344,0.064646475
7097345,0.03228839
7097346,0.15304793
7097347,0.031564683
7097348,0.05471451
7097349,0.07708929
7097350,0.11664553
7097351,0.033621483
7097352,0.016842553
7097353,0.03836837
7097354,0.04480396
7097355,0.1918343
7097356,0.091791004
7097357,0.025620336
7097358,0.014124179
7097359,0.021550376
7097360,0.020869913
7097361,0.041822877
7097362,0.018350108
7097363,0.03885913
7097364,0.02704611
7097365,0.19581352
7097366,0.037870448
7097367,0.17916256
7097368,0.063173816
7097369,0.03626327
7097370,0.026791602
7097371,0.03174467
7097372,0.03279516
7097373,0.021407288
7097374,0.021716233
7097375,0.049061976
7097376,0.03649215
7097377,0.022746872
7097378,0.023296693
7097379,0.020133458
7097380,0.026012668
7097381,0.056124378
7097382,0.032453574
7097383,0.037213497
7097384,0.031081937
7097385,0.033986773
7097386,0.024137262
7097387,0.030754356
7097388,0.039513525
7097389,0.10630367
7097390,0.03010987
7097391,0.029082898
7097392,0.024778679
7097393,0.05221053
7097394,0.041825537
7097395,0.32633516
7097396,0.029820938
7097397,0.026272025
7097398,0.019186292
7097399,0.096894175
7097400,0.03192888
7097401,0.028290413
7097402,0.03277647
7097403,0.029374577
7097404,0.038367696
7097405,0.039550107
7097406,0.049668312
7097407,0.019133532
7097408,0.02386045
7097409,0.03281058
7097410,0.020728309
7097411,0.04549101
7097412,0.07703402
7097413,0.021446371
7097414,0.035754073
7097415,0.021259163
7097416,0.08519081
7097417,0.035194878
7097418,0.022422299
7097419,0.027890353
7097420,0.028737497
7097421,0.026462063
7097422,0.059000954
7097423,0.040243853
7097424,0.032615695
7097425,0.03707905
7097426,0.038787585
7097427,0.03944589
7097428,0.03720588
7097429,0.07243706
7097430,0.036558248
7097431,0.03153134
7097432,0.02451454
7097433,0.028219713
7097434,0.022296801
7097435,0.031290583
7097436,0.035358306
7097437,0.040033635
7097438,0.060277775
7097439,0.12080272
7097440,0.030127753
7097441,0.019022543
7097442,0.049062435
7097443,0.0417927
7097444,0.033100724
7097445,0.0236844
7097446,0.08387571
7097447,0.024844494
7097448,0.0590021
7097449,0.017167494
7097450,0.025944695
7097451,0.034485314
7097452,0.033543848
7097453,0.07751962
7097454,0.03998757
7097455,0.02615206
7097456,0.023444096
7097457,0.05287115
7097458,0.036955886
7097459,0.11667173
7097460,0.025310988
7097461,0.029580824
7097462,0.047963057
7097463,0.027302608
7097464,0.027485264
7097465,0.0613858
7097466,0.025225248
7097467,0.10747354
7097468,0.02318779
7097469,0.118714735
7097470,0.019036517
7097471,0.04525807
7097472,0.15436418
7097473,0.0260345
7097474,0.04593643
7097475,0.055100705
7097476,0.021207398
7097477,0.061606888
7097478,0.033449452
7097479,0.034396783
7097480,0.12199488
7097481,0.094977
7097482,0.022561092
7097483,0.04721627
7097484,0.043440964
7097485,0.038694996
7097486,0.051529728
7097487,0.026919743
7097488,0.023699196
7097489,0.04023964
7097490,0.026346294
7097491,0.024285186
7097492,0.025711231
7097493,0.03634309
7097494,0.035028204
7097495,0.15995257
7097496,0.024536261
7097497,0.0333227
7097498,0.039546557
7097499,0.038213193
7097500,0.036283035
7097501,0.025737299
7097502,0.022823816
7097503,0.090775564
7097504,0.028935933
7097505,0.021325184
7097506,0.03720562
7097507,0.018724712
7097508,0.02962726
7097509,0.023805983
7097510,0.033484716
7097511,0.028052561
7097512,0.021488307
7097513,0.025599126
7097514,0.029234352
7097515,0.17527607
7097516,0.022392994
7097517,0.02994987
7097518,0.026286788
7097519,0.04698122
7097520,0.05986199
7097521,0.02636289
7097522,0.02932188
7097523,0.020634592
7097524,0.029552763
7097525,0.080316134
7097526,0.059227202
7097527,0.018675677
7097528,0.055020098
7097529,0.026966441
7097530,0.031971052
7097531,0.035544764
7097532,0.025725555
7097533,0.04857292
7097534,0.03068228
7097535,0.035970926
7097536,0.04818287
7097537,0.020994926
7097538,0.050044358
7097539,0.04634261
7097540,0.04257426
7097541,0.057051115
7097542,0.07221541
7097543,0.12503238
7097544,0.053771406
7097545,0.023145955
7097546,0.031270064
7097547,0.029510012
7097548,0.027020946
7097549,0.020188149
7097550,0.032244734
7097551,0.02295666
7097552,0.020393511
7097553,0.025407568
7097554,0.021783123
7097555,0.040682096
7097556,0.047099546
7097557,0.025703924
7097558,0.029386409
7097559,0.059989333
7097560,0.111489326
7097561,0.071886525
7097562,0.033112146
7097563,0.041057497
7097564,0.06567496
7097565,0.03583938
7097566,0.03287768
7097567,0.028470838
7097568,0.02496125
7097569,0.049497772
7097570,0.025545515
7097571,0.040708825
7097572,0.03749308
7097573,0.021030065
7097574,0.028531045
7097575,0.07403935
7097576,0.018901315
7097577,0.032759696
7097578,0.12817644
7097579,0.08932064
7097580,0.036410317
7097581,0.06803246
7097582,0.024966044
7097583,0.05952146
7097584,0.03481582
7097585,0.046196945
7097586,0.070945784
7097587,0.030164788
7097588,0.04547832
7097589,0.024085842
7097590,0.032302592
7097591,0.018923068
7097592,0.044502992
7097593,0.039747905
7097594,0.02440632
7097595,0.05601659
7097596,0.07483704
7097597,0.023540292
7097598,0.09339659
7097599,0.044361994
7097600,0.026742047
7097601,0.026059065
7097602,0.058222204
7097603,0.24034753
7097604,0.05459267
7097605,0.018589286
7097606,0.020138545
7097607,0.09420352
7097608,0.032488454
7097609,0.05067246
7097610,0.05530581
7097611,0.06313345
7097612,0.071999736
7097613,0.060993038
7097614,0.04994405
7097615,0.022821099
7097616,0.036532436
7097617,0.02703442
7097618,0.02439139
7097619,0.033791784
7097620,0.029048847
7097621,0.04358353
7097622,0.047541626
7097623,0.018454468
7097624,0.021447456
7097625,0.03170989
7097626,0.027693117
7097627,0.039325807
7097628,0.056554843
7097629,0.02273108
7097630,0.04888124
7097631,0.051704414
7097632,0.028609378
7097633,0.030350516
7097634,0.041887015
7097635,0.025888104
7097636,0.029391998
7097637,0.028457139
7097638,0.018737007
7097639,0.04319524
7097640,0.025374
7097641,0.027602268
7097642,0.01824405
7097643,0.027237302
7097644,0.052333314
7097645,0.029415736
7097646,0.039845105
7097647,0.025282511
7097648,0.026922138
7097649,0.040333617
7097650,0.040388163
7097651,0.025836037
7097652,0.022999095
7097653,0.08371343
7097654,0.25036263
7097655,0.03758324
7097656,0.012859407
7097657,0.02374895
7097658,0.01574908
7097659,0.056560945
7097660,0.033427883
7097661,0.023107937
7097662,0.022596557
7097663,0.109933585
7097664,0.02295137
7097665,0.031392794
7097666,0.04008902
7097667,0.03685856
7097668,0.032597285
7097669,0.020026889
7097670,0.031183755
7097671,0.025999507
7097672,0.029017199
7097673,0.01765784
7097674,0.03624234
7097675,0.027389131
7097676,0.06183169
7097677,0.030106513
7097678,0.020988092
7097679,0.060972337
7097680,0.03763214
7097681,0.027688077
7097682,0.020571198
7097683,0.01934281
7097684,0.042808358
7097685,0.029760234
7097686,0.022241194
7097687,0.028813895
7097688,0.04690074
7097689,0.024241464
7097690,0.027518766
7097691,0.024675526
7097692,0.06574573
7097693,0.2007941
7097694,0.024913996
7097695,0.022984415
7097696,0.023106689
7097697,0.033023164
7097698,0.057860397
7097699,0.029853854
7097700,0.030123837
7097701,0.03835732
7097702,0.040494848
7097703,0.06570854
7097704,0.10948991
7097705,0.029871885
7097706,0.08303578
7097707,0.031604514
7097708,0.03034651
7097709,0.021110607
7097710,0.0190967
7097711,0.030418864
7097712,0.017849047
7097713,0.032463945
7097714,0.03909381
7097715,0.023433095
7097716,0.09989202
7097717,0.031263694
7097718,0.026623473
7097719,0.03287483
7097720,0.046402764
7097721,0.062647104
7097722,0.03570906
7097723,0.033936515
7097724,0.03463113
7097725,0.021201648
7097726,0.06454762
7097727,0.023567809
7097728,0.034493838
7097729,0.026692957
7097730,0.20253335
7097731,0.065882355
7097732,0.041885242
7097733,0.036296267
7097734,0.031312417
7097735,0.025146263
7097736,0.042385794
7097737,0.029604616
7097738,0.039658077
7097739,0.10562174
7097740,0.025037292
7097741,0.026530247
7097742,0.02287087
7097743,0.041327316
7097744,0.037559878
7097745,0.028839517
7097746,0.02685327
7097747,0.021701483
7097748,0.023638636
7097749,0.04342419
7097750,0.022798948
7097751,0.20597343
7097752,0.04481306
7097753,0.033798523
7097754,0.050039575
7097755,0.040251378
7097756,0.033102848
7097757,0.024388514
7097758,0.027119713
7097759,0.043704644
7097760,0.020864135
7097761,0.055167723
7097762,0.032993965
7097763,0.045532573
7097764,0.08239258
7097765,0.04260052
7097766,0.034846786
7097767,0.03461712
7097768,0.033339288
7097769,0.025113763
7097770,0.020317214
7097771,0.023004431
7097772,0.05004635
7097773,0.03703714
7097774,0.028717732
7097775,0.026096601
7097776,0.038600747
7097777,0.029443
7097778,0.03275101
7097779,0.02442508
7097780,0.020058779
7097781,0.04609476
7097782,0.026518881
7097783,0.10849402
7097784,0.031132994
7097785,0.026220573
7097786,0.028947873
7097787,0.15055695
7097788,0.10455798
7097789,0.05203893
7097790,0.020359058
7097791,0.027544936
7097792,0.027942581
7097793,0.030457081
7097794,0.0132560255
7097795,0.06828631
7097796,0.035838544
7097797,0.041146867
7097798,0.046939496
7097799,0.0353696
7097800,0.06715198
7097801,0.029132765
7097802,0.019040259
7097803,0.06076973
7097804,0.020322308
7097805,0.050025813
7097806,0.045954615
7097807,0.033686966
7097808,0.025135476
7097809,0.023244582
7097810,0.03224333
7097811,0.021757292
7097812,0.026957203
7097813,0.028078718
7097814,0.024328267
7097815,0.12146797
7097816,0.059647508
7097817,0.050472163
7097818,0.039593313
7097819,0.028152015
7097820,0.051390063
7097821,0.14085534
7097822,0.024755076
7097823,0.041123714
7097824,0.034612905
7097825,0.02583962
7097826,0.050328743
7097827,0.024988689
7097828,0.049386628
7097829,0.0436388
7097830,0.020717839
7097831,0.026954176
7097832,0.060288258
7097833,0.02306957
7097834,0.019483006
7097835,0.020875985
7097836,0.027852235
7097837,0.035717133
7097838,0.054264974
7097839,0.029139092
7097840,0.062464062
7097841,0.022929693
7097842,0.064215
7097843,0.083858304
7097844,0.034856476
7097845,0.051920444
7097846,0.03652417
7097847,0.05270101
7097848,0.025109105
7097849,0.041182373
7097850,0.03842416
7097851,0.030098863
7097852,0.039025165
7097853,0.04253997
7097854,0.03643331
7097855,0.049484793
7097856,0.02404949
7097857,0.023265224
7097858,0.046104208
7097859,0.08392735
7097860,0.054116428
7097861,0.039708104
7097862,0.2188552
7097863,0.026371652
7097864,0.040575087
7097865,0.017112982
7097866,0.07610141
7097867,0.025777776
7097868,0.024486238
7097869,0.024802445
7097870,0.024768732
7097871,0.03093258
7097872,0.032612298
7097873,0.03926062
7097874,0.028400676
7097875,0.0155964475
7097876,0.045836456
7097877,0.035009492
7097878,0.044252068
7097879,0.035387505
7097880,0.02539214
7097881,0.05560335
7097882,0.02373257
7097883,0.07885085
7097884,0.027012536
7097885,0.024682982
7097886,0.035845
7097887,0.019968444
7097888,0.015949598
7097889,0.023950122
7097890,0.046417035
7097891,0.035141442
7097892,0.023516467
7097893,0.11907651
7097894,0.022843739
7097895,0.02304202
7097896,0.036411114
7097897,0.020370975
7097898,0.025141845
7097899,0.01786047
7097900,0.05300672
7097901,0.06994461
7097902,0.022541173
7097903,0.022121193
7097904,0.016515113
7097905,0.04246166
7097906,0.037993427
7097907,0.04831377
7097908,0.032726057
7097909,0.02211523
7097910,0.04546461
7097911,0.028129475
7097912,0.035897486
7097913,0.03583911
7097914,0.016813371
7097915,0.044370588
7097916,0.040332418
7097917,0.024088914
7097918,0.023066638
7097919,0.05567258
7097920,0.018949086
7097921,0.033923935
7097922,0.02045196
7097923,0.02707031
7097924,0.026859758
7097925,0.1689812
7097926,0.03483695
7097927,0.026822535
7097928,0.036092184
7097929,0.02184671
7097930,0.030335898
7097931,0.026660828
7097932,0.055565815
7097933,0.033498663
7097934,0.025731105
7097935,0.02635657
7097936,0.037386775
7097937,0.079086445
7097938,0.02686885
7097939,0.03482432
7097940,0.020752138
7097941,0.020087903
7097942,0.040557925
7097943,0.03217921
7097944,0.027206454
7097945,0.03599353
7097946,0.16557918
7097947,0.021054508
7097948,0.04242356
7097949,0.022197457
7097950,0.016734023
7097951,0.04485133
7097952,0.11602233
7097953,0.02836381
7097954,0.021631539
7097955,0.020928044
7097956,0.06907447
7097957,0.032615453
7097958,0.0634455
7097959,0.020091122
7097960,0.02468794
7097961,0.021993196
7097962,0.022302851
7097963,0.016618509
7097964,0.034865137
7097965,0.024126941
7097966,0.031374265
7097967,0.02463616
7097968,0.023587996
7097969,0.0870113
7097970,0.033454724
7097971,0.028700154
7097972,0.031503387
7097973,0.11432818
7097974,0.03025984
7097975,0.02706514
7097976,0.078979164
7097977,0.042149115
7097978,0.038756646
7097979,0.039459806
7097980,0.06416607
7097981,0.11069033
7097982,0.026336223
7097983,0.023342414
7097984,0.02754855
7097985,0.055373907
7097986,0.033215027
7097987,0.027516056
7097988,0.03384901
7097989,0.04417196
7097990,0.03654288
7097991,0.045104228
7097992,0.031382106
7097993,0.05105433
7097994,0.04000726
7097995,0.037443027
7097996,0.02896592
7097997,0.022727642
7097998,0.046242982
7097999,0.025686366
7098000,0.08212124
7098001,0.020456364
7098002,0.052265223
7098003,0.06656082
7098004,0.17242557
7098005,0.03239252
7098006,0.05546903
7098007,0.03332368
7098008,0.039350275
7098009,0.017804516
7098010,0.037304442
7098011,0.018640883
7098012,0.03494492
7098013,0.028238548
7098014,0.024219101
7098015,0.02599066
7098016,0.03890189
7098017,0.10299758
7098018,0.041306134
7098019,0.033527747
7098020,0.02369401
7098021,0.029281903
7098022,0.021595571
7098023,0.025975345
7098024,0.09922967
7098025,0.02150284
7098026,0.020619718
7098027,0.036352135
7098028,0.02169879
7098029,0.036166072
7098030,0.07740721
7098031,0.06007428
7098032,0.024018073
7098033,0.03048055
7098034,0.022717467
7098035,0.03838444
7098036,0.03520801
7098037,0.04369298
7098038,0.11717186
7098039,0.06278139
7098040,0.03172641
7098041,0.02430837
7098042,0.0275844
7098043,0.038617276
7098044,0.045102004
7098045,0.049364764
7098046,0.033598773
7098047,0.05469727
7098048,0.0557237
7098049,0.06370141
7098050,0.016885728
7098051,0.036386736
7098052,0.039338686
7098053,0.022972783
7098054,0.03841514
7098055,0.039898783
7098056,0.024239073
7098057,0.041323207
7098058,0.03270217
7098059,0.019914528
7098060,0.07177593
7098061,0.17512171
7098062,0.040755022
7098063,0.04670609
7098064,0.018019782
7098065,0.039831657
7098066,0.046935357
7098067,0.031438738
7098068,0.023691265
7098069,0.04037446
7098070,0.030211383
7098071,0.048336323
7098072,0.12015997
7098073,0.05208956
7098074,0.039568402
7098075,0.026043324
7098076,0.04326841
7098077,0.0187905
7098078,0.02458512
7098079,0.055782694
7098080,0.01880876
7098081,0.037221134
7098082,0.022832023
7098083,0.08656673
7098084,0.062894054
7098085,0.061585963
7098086,0.03956308
7098087,0.040751897
7098088,0.05030177
7098089,0.021368338
7098090,0.1728752
7098091,0.029194348
7098092,0.04633275
7098093,0.01599101
7098094,0.05758704
7098095,0.029902257
7098096,0.036210757
7098097,0.0187289
7098098,0.031369068
7098099,0.049461775
7098100,0.070018075
7098101,0.037623145
7098102,0.02739324
7098103,0.0368322
7098104,0.029609075
7098105,0.034256462
7098106,0.017786687
7098107,0.031459972
7098108,0.033772644
7098109,0.02960544
7098110,0.019152077
7098111,0.02539601
7098112,0.04230941
7098113,0.02050834
7098114,0.015852902
7098115,0.030488828
7098116,0.04801619
7098117,0.028686974
7098118,0.026509516
7098119,0.022962049
7098120,0.05467585
7098121,0.028450444
7098122,0.018646963
7098123,0.16029629
7098124,0.019229658
7098125,0.097625464
7098126,0.031343468
7098127,0.022424677
7098128,0.02261791
7098129,0.038790308
7098130,0.05610235
7098131,0.035656698
7098132,0.020810125
7098133,0.021546671
7098134,0.025324874
7098135,0.03968407
7098136,0.04490511
7098137,0.042210177
7098138,0.033650707
7098139,0.024366727
7098140,0.05238217
7098141,0.022097081
7098142,0.044800702
7098143,0.026351493
7098144,0.06840399
7098145,0.029428078
7098146,0.025232203
7098147,0.046628583
7098148,0.02392245
7098149,0.03820021
7098150,0.029977374
7098151,0.030255355
7098152,0.02355279
7098153,0.06463289
7098154,0.07235326
7098155,0.024606971
7098156,0.020821827
7098157,0.026776228
7098158,0.014896738
7098159,0.09520744
7098160,0.031386074
7098161,0.021291777
7098162,0.031874675
7098163,0.02265604
7098164,0.03359244
7098165,0.1085971
7098166,0.066912256
7098167,0.05683832
7098168,0.02957966
7098169,0.026552336
7098170,0.02103067
7098171,0.04593952
7098172,0.039908107
7098173,0.029465683
7098174,0.032633502
7098175,0.05759425
7098176,0.044246025
7098177,0.073301196
7098178,0.032504898
7098179,0.11674759
7098180,0.012870841
7098181,0.027599381
7098182,0.12055793
7098183,0.017223405
7098184,0.028842136
7098185,0.025989404
7098186,0.024568237
7098187,0.042575527
7098188,0.027988328
7098189,0.020515686
7098190,0.022528615
7098191,0.08309638
7098192,0.028116284
7098193,0.060931675
7098194,0.024962386
7098195,0.019717092
7098196,0.027306382
7098197,0.1099132
7098198,0.024771335
7098199,0.039679457
7098200,0.10493467
7098201,0.029994573
7098202,0.020859182
7098203,0.013138343
7098204,0.025487032
7098205,0.027416281
7098206,0.022840997
7098207,0.041638028
7098208,0.04826602
7098209,0.025808502
7098210,0.036423285
7098211,0.039121944
7098212,0.028919647
7098213,0.022375302
7098214,0.017002692
7098215,0.022272948
7098216,0.01776678
7098217,0.14358887
7098218,0.03358908
7098219,0.03952456
7098220,0.033578027
7098221,0.042411234
7098222,0.03971623
7098223,0.046330955
7098224,0.028872129
7098225,0.032888517
7098226,0.112988785
7098227,0.16809307
7098228,0.032956306
7098229,0.048344042
7098230,0.055574283
7098231,0.043954212
7098232,0.033925638
7098233,0.025646295
7098234,0.023422677
7098235,0.025415653
7098236,0.06646632
7098237,0.025399584
7098238,0.040038206
7098239,0.028168993
7098240,0.047614712
7098241,0.026347835
7098242,0.02816885
7098243,0.04123292
7098244,0.03132454
7098245,0.032526772
7098246,0.016332567
7098247,0.0627531
7098248,0.017370086
7098249,0.0810887
7098250,0.14449663
7098251,0.04595334
7098252,0.026005145
7098253,0.027281951
7098254,0.027414382
7098255,0.027975969
7098256,0.053420488
7098257,0.025356783
7098258,0.019594375
7098259,0.029517699
7098260,0.036924105
7098261,0.018178102
7098262,0.03072336
7098263,0.039940745
7098264,0.049079724
7098265,0.026498253
7098266,0.052053954
7098267,0.055942304
7098268,0.039820094
7098269,0.077931516
7098270,0.033110227
7098271,0.054945663
7098272,0.01967752
7098273,0.031515
7098274,0.0357775
7098275,0.036394615
7098276,0.027923536
7098277,0.048953295
7098278,0.03344503
7098279,0.023583898
7098280,0.024600435
7098281,0.05606922
7098282,0.029644158
7098283,0.04183806
7098284,0.028899778
7098285,0.03899648
7098286,0.012083656
7098287,0.044680707
7098288,0.0264109
7098289,0.03536296
7098290,0.03069829
7098291,0.018342594
7098292,0.07747808
7098293,0.047920946
7098294,0.025699567
7098295,0.025165983
7098296,0.017521514
7098297,0.10979483
7098298,0.05136726
7098299,0.10556108
7098300,0.058546938
7098301,0.06403989
7098302,0.07810207
7098303,0.030988965
7098304,0.031791907
7098305,0.038223185
7098306,0.064352244
7098307,0.050564315
7098308,0.21066007
7098309,0.029868193
7098310,0.03649265
7098311,0.094019175
7098312,0.016445601
7098313,0.025360426
7098314,0.027036915
7098315,0.02689493
7098316,0.05382384
7098317,0.02973801
7098318,0.12782568
7098319,0.032760076
7098320,0.021204492
7098321,0.13272904
7098322,0.023605162
7098323,0.03174571
7098324,0.019413842
7098325,0.05341414
7098326,0.1076172
7098327,0.069519736
7098328,0.043367647
7098329,0.03073431
7098330,0.028516172
7098331,0.02732092
7098332,0.028692871
7098333,0.09260551
7098334,0.0446123
7098335,0.043910522
7098336,0.036611
7098337,0.042032417
7098338,0.040751956
7098339,0.08059743
7098340,0.027352065
7098341,0.036437266
7098342,0.02500124
7098343,0.016382128
7098344,0.30360505
7098345,0.030318188
7098346,0.032064844
7098347,0.035297085
7098348,0.029860064
7098349,0.034624856
7098350,0.029745674
7098351,0.033327155
7098352,0.031365003
7098353,0.037186958
7098354,0.1665611
7098355,0.027044743
7098356,0.022480901
7098357,0.04950328
7098358,0.026521068
7098359,0.09480228
7098360,0.038887177
7098361,0.039749634
7098362,0.023111004
7098363,0.16094379
7098364,0.1477122
7098365,0.055412132
7098366,0.062234946
7098367,0.021587916
7098368,0.054203413
7098369,0.020203603
7098370,0.0314682
7098371,0.04780157
7098372,0.04275057
7098373,0.026483435
7098374,0.019297928
7098375,0.023232065
7098376,0.026882555
7098377,0.029344255
7098378,0.047863238
7098379,0.025538446
7098380,0.031357672
7098381,0.05855222
7098382,0.022903422
7098383,0.026029592
7098384,0.018145358
7098385,0.035453357
7098386,0.032628562
7098387,0.0449433
7098388,0.022168793
7098389,0.04873734
7098390,0.05213488
7098391,0.02960805
7098392,0.025240095
7098393,0.020740906
7098394,0.020521218
7098395,0.026592249
7098396,0.039334346
7098397,0.054005694
7098398,0.026807081
7098399,0.026053285
7098400,0.02293297
7098401,0.019487921
7098402,0.19212326
7098403,0.03210522
7098404,0.03030729
7098405,0.015298451
7098406,0.04051994
7098407,0.08742792
7098408,0.21487643
7098409,0.021402963
7098410,0.024037668
7098411,0.030427944
7098412,0.028768556
7098413,0.028867733
7098414,0.019468326
7098415,0.031975914
7098416,0.031216653
7098417,0.06821991
7098418,0.031932145
7098419,0.02296952
7098420,0.04576967
7098421,0.033808824
7098422,0.021771314
7098423,0.040774256
7098424,0.026309691
7098425,0.018246798
7098426,0.02900429
7098427,0.039815336
7098428,0.03457551
7098429,0.01829014
7098430,0.036595047
7098431,0.019893378
7098432,0.025144543
7098433,0.014476908
7098434,0.094173536
7098435,0.025033101
7098436,0.07352529
7098437,0.03080628
7098438,0.022723045
7098439,0.03322458
7098440,0.031539198
7098441,0.015111591
7098442,0.03319286
7098443,0.06723671
7098444,0.030901726
7098445,0.03927872
7098446,0.015803551
7098447,0.04412254
7098448,0.034345042
7098449,0.03164322
7098450,0.036288925
7098451,0.0606486
7098452,0.036466975
7098453,0.0240693
7098454,0.10339022
7098455,0.047809854
7098456,0.055265635
7098457,0.023752565
7098458,0.06963299
7098459,0.09230151
7098460,0.03801553
7098461,0.022329215
7098462,0.022141214
7098463,0.034353808
7098464,0.030439025
7098465,0.037260354
7098466,0.039949942
7098467,0.02460649
7098468,0.014036671
7098469,0.042430952
7098470,0.023302043
7098471,0.022515744
7098472,0.025027875
7098473,0.019535003
7098474,0.06328336
7098475,0.03420341
7098476,0.032678664
7098477,0.034103848
7098478,0.036792755
7098479,0.022688722
7098480,0.025379997
7098481,0.017791128
7098482,0.19300708
7098483,0.027658971
7098484,0.04525611
7098485,0.041834813
7098486,0.054220747
7098487,0.031048918
7098488,0.02328208
7098489,0.15510824
7098490,0.029211149
7098491,0.028674396
7098492,0.040392995
7098493,0.04079565
7098494,0.048805412
7098495,0.02038847
7098496,0.03647351
7098497,0.01801447
7098498,0.04517768
7098499,0.04817865
7098500,0.04087596
7098501,0.12856835
7098502,0.023722667
7098503,0.046822276
7098504,0.03753035
7098505,0.13091287
7098506,0.022704449
7098507,0.05677907
7098508,0.03389582
7098509,0.106055744
7098510,0.06833964
7098511,0.10238188
7098512,0.040424947
7098513,0.02205725
7098514,0.06986729
7098515,0.043319404
7098516,0.019887917
7098517,0.076861456
7098518,0.035194527
7098519,0.027609121
7098520,0.022066737
7098521,0.04357675
7098522,0.033809993
7098523,0.028893402
7098524,0.05756752
7098525,0.034907278
7098526,0.038192134
7098527,0.013325211
7098528,0.025161965
7098529,0.03831113
7098530,0.02866581
7098531,0.018297961
7098532,0.11779233
7098533,0.056074332
7098534,0.028480282
7098535,0.025599584
7098536,0.04906692
7098537,0.03333342
7098538,0.04636093
7098539,0.07333636
7098540,0.032862008
7098541,0.028613089
7098542,0.0596835
7098543,0.024703702
7098544,0.038478937
7098545,0.050265033
7098546,0.10581731
7098547,0.08914536
7098548,0.025675384
7098549,0.023604145
7098550,0.056406595
7098551,0.041255202
7098552,0.03746332
7098553,0.01787006
7098554,0.09308952
7098555,0.023499224
7098556,0.02894885
7098557,0.017182466
7098558,0.1982485
7098559,0.023329383
7098560,0.045717813
7098561,0.019310543
7098562,0.0332802
7098563,0.035360817
7098564,0.01869324
7098565,0.26867136
7098566,0.023539986
7098567,0.020231297
7098568,0.039637417
7098569,0.027898552
7098570,0.022916518
7098571,0.01795384
7098572,0.018934147
7098573,0.055244207
7098574,0.04125185
7098575,0.022386717
7098576,0.018247046
7098577,0.021666387
7098578,0.030457547
7098579,0.046151698
7098580,0.019682959
7098581,0.023563365
7098582,0.024319923
7098583,0.022223448
7098584,0.017924016
7098585,0.07042489
7098586,0.039564747
7098587,0.02112671
7098588,0.016619926
7098589,0.03096064
7098590,0.034204513
7098591,0.02672304
7098592,0.022252003
7098593,0.04565987
7098594,0.019327775
7098595,0.040876843
7098596,0.107430436
7098597,0.022707896
7098598,0.03357263
7098599,0.041633237
7098600,0.033487666
7098601,0.027013037
7098602,0.054050267
7098603,0.03417426
7098604,0.025266618
7098605,0.036882598
7098606,0.03305175
7098607,0.056504738
7098608,0.039190922
7098609,0.026119158
7098610,0.026016643
7098611,0.027693128
7098612,0.021224203
7098613,0.02005244
7098614,0.020516401
7098615,0.03717496
7098616,0.0452799
7098617,0.01992215
7098618,0.047891125
7098619,0.024807
7098620,0.025863346
7098621,0.018767858
7098622,0.076969996
7098623,0.03302605
7098624,0.032185405
7098625,0.025740087
7098626,0.021133758
7098627,0.04519027
7098628,0.02408541
7098629,0.024527667
7098630,0.035239372
7098631,0.031611137
7098632,0.02000832
7098633,0.022409756
7098634,0.028056338
7098635,0.028442489
7098636,0.024357049
7098637,0.021435855
7098638,0.02506598
7098639,0.036696102
7098640,0.025746508
7098641,0.025755413
7098642,0.048708238
7098643,0.028980052
7098644,0.032641646
7098645,0.02345163
7098646,0.050376646
7098647,0.038116466
7098648,0.017856916
7098649,0.033083666
7098650,0.023438627
7098651,0.029497277
7098652,0.021210182
7098653,0.072561465
7098654,0.028944362
7098655,0.03071816
7098656,0.033994347
7098657,0.18443696
7098658,0.025375163
7098659,0.026529416
7098660,0.03408811
7098661,0.022676684
7098662,0.02517047
7098663,0.02867233
7098664,0.028997315
7098665,0.12283278
7098666,0.068982795
7098667,0.027732683
7098668,0.023405304
7098669,0.077406146
7098670,0.09035953
7098671,0.019803848
7098672,0.03787383
7098673,0.021144258
7098674,0.039202847
7098675,0.045807555
7098676,0.040786043
7098677,0.02219783
7098678,0.03029833
7098679,0.028324395
7098680,0.023134647
7098681,0.03683714
7098682,0.022666058
7098683,0.021643816
7098684,0.037473373
7098685,0.024702152
7098686,0.017839855
7098687,0.1211179
7098688,0.04339796
7098689,0.040553305
7098690,0.027095404
7098691,0.04610118
7098692,0.042862307
7098693,0.020136854
7098694,0.020306773
7098695,0.03800322
7098696,0.051797017
7098697,0.021741016
7098698,0.03630654
7098699,0.039804492
7098700,0.12261988
7098701,0.051195927
7098702,0.032839008
7098703,0.026403522
7098704,0.046920747
7098705,0.033731587
7098706,0.050401993
7098707,0.020510562
7098708,0.16107543
7098709,0.034277495
7098710,0.03806709
7098711,0.100040406
7098712,0.06027784
7098713,0.025188796
7098714,0.03745781
7098715,0.121125184
7098716,0.10875143
7098717,0.07819586
7098718,0.022949025
7098719,0.028355554
7098720,0.02171232
7098721,0.036775135
7098722,0.026702708
7098723,0.13516738
7098724,0.024980789
7098725,0.030219506
7098726,0.0642878
7098727,0.025741741
7098728,0.018149385
7098729,0.018853791
7098730,0.016249944
7098731,0.025883019
7098732,0.05364914
7098733,0.029742757
7098734,0.030918716
7098735,0.03044769
7098736,0.022942744
7098737,0.03971623
7098738,0.07226111
7098739,0.028429637
7098740,0.03041775
7098741,0.056144107
7098742,0.030410621
7098743,0.025172
7098744,0.03957348
7098745,0.058753356
7098746,0.039630953
7098747,0.06561213
7098748,0.025349831
7098749,0.028728925
7098750,0.03967237
7098751,0.021000274
7098752,0.058734242
7098753,0.024999931
7098754,0.021075403
7098755,0.0315954
7098756,0.036150146
7098757,0.030522866
7098758,0.026960453
7098759,0.031343184
7098760,0.024732018
7098761,0.028248306
7098762,0.09837189
7098763,0.024238644
7098764,0.13539901
7098765,0.024244137
7098766,0.03910121
7098767,0.01797779
7098768,0.043664638
7098769,0.045090012
7098770,0.04210769
7098771,0.03375671
7098772,0.056313064
7098773,0.06327905
7098774,0.022261154
7098775,0.026289
7098776,0.028400762
7098777,0.057461936
7098778,0.017020544
7098779,0.08098122
7098780,0.032016512
7098781,0.027562426
7098782,0.034235816
7098783,0.043667257
7098784,0.021245617
7098785,0.027949171
7098786,0.02898397
7098787,0.049367692
7098788,0.030929675
7098789,0.04245262
7098790,0.021568581
7098791,0.024180716
7098792,0.047011
7098793,0.023507057
7098794,0.027417397
7098795,0.026916604
7098796,0.028568484
7098797,0.042388838
7098798,0.03770186
7098799,0.029887743
7098800,0.023655815
7098801,0.020401696
7098802,0.02811676
7098803,0.022969093
7098804,0.12574336
7098805,0.023677858
7098806,0.020440051
7098807,0.018622536
7098808,0.03216572
7098809,0.05791688
7098810,0.028335776
7098811,0.03224802
7098812,0.035635993
7098813,0.015186017
7098814,0.051670577
7098815,0.031079266
7098816,0.049562767
7098817,0.025848227
7098818,0.016732162
7098819,0.084474005
7098820,0.025433112
7098821,0.053843793
7098822,0.025372695
7098823,0.19726746
7098824,0.03373822
7098825,0.03580262
7098826,0.045759063
7098827,0.020535868
7098828,0.027104337
7098829,0.025588809
7098830,0.02044175
7098831,0.034447834
7098832,0.020891597
7098833,0.23129822
7098834,0.029873528
7098835,0.026614292
7098836,0.03129956
7098837,0.05333086
7098838,0.016481958
7098839,0.031820837
7098840,0.028202483
7098841,0.068188116
7098842,0.017864954
7098843,0.026875572
7098844,0.03550877
7098845,0.020615065
7098846,0.02838478
7098847,0.03031718
7098848,0.030857062
7098849,0.021595253
7098850,0.08304514
7098851,0.019337364
7098852,0.14226195
7098853,0.037922762
7098854,0.016940027
7098855,0.029460348
7098856,0.024536682
7098857,0.025916705
7098858,0.021885667
7098859,0.04243721
7098860,0.021249238
7098861,0.031978704
7098862,0.031324852
7098863,0.017580763
7098864,0.038889494
7098865,0.02531463
7098866,0.051757477
7098867,0.023685204
7098868,0.020425921
7098869,0.022952486
7098870,0.028093765
7098871,0.09638435
7098872,0.030143738
7098873,0.031686716
7098874,0.045612536
7098875,0.029799063
7098876,0.040314324
7098877,0.03612427
7098878,0.030213673
7098879,0.02258087
7098880,0.02203016
7098881,0.07275881
7098882,0.034695834
7098883,0.0239498
7098884,0.029674876
7098885,0.069857314
7098886,0.085956916
7098887,0.0639179
7098888,0.022287771
7098889,0.06217341
7098890,0.038826667
7098891,0.042150762
7098892,0.021671811
7098893,0.030070743
7098894,0.028065247
7098895,0.0907538
7098896,0.040927894
7098897,0.077688605
7098898,0.07392914
7098899,0.036408577
7098900,0.12357966
7098901,0.03616627
7098902,0.03990061
7098903,0.030187013
7098904,0.027470812
7098905,0.036596622
7098906,0.021486746
7098907,0.03673067
7098908,0.042791042
7098909,0.108250186
7098910,0.024854606
7098911,0.02799612
7098912,0.029219402
7098913,0.030972904
7098914,0.019113423
7098915,0.026217207
7098916,0.030072805
7098917,0.023123132
7098918,0.04476043
7098919,0.018234108
7098920,0.04019549
7098921,0.035830986
7098922,0.04605563
7098923,0.024571275
7098924,0.032311834
7098925,0.23129822
7098926,0.023226585
7098927,0.06978429
7098928,0.06529435
7098929,0.06990151
7098930,0.032024413
7098931,0.031473257
7098932,0.08102572
7098933,0.04131435
7098934,0.023352988
7098935,0.027718099
7098936,0.022804724
7098937,0.13939393
7098938,0.031841934
7098939,0.041368496
7098940,0.016510956
7098941,0.024744743
7098942,0.018696534
7098943,0.029013786
7098944,0.087231
7098945,0.15217224
7098946,0.047098324
7098947,0.119382665
7098948,0.026449477
7098949,0.021611437
7098950,0.048722446
7098951,0.023902304
7098952,0.07100619
7098953,0.046976913
7098954,0.0562569
7098955,0.03045279
7098956,0.024788817
7098957,0.057277776
7098958,0.053393207
7098959,0.042150065
7098960,0.03987406
7098961,0.024244081
7098962,0.02041018
7098963,0.03392608
7098964,0.020359246
7098965,0.03221377
7098966,0.03052935
7098967,0.038656987
7098968,0.06614766
7098969,0.017718697
7098970,0.055858083
7098971,0.04652451
7098972,0.02910651
7098973,0.041615695
7098974,0.059703857
7098975,0.030372838
7098976,0.036981996
7098977,0.036128625
7098978,0.02030306
7098979,0.045272175
7098980,0.02699318
7098981,0.023383226
7098982,0.02176518
7098983,0.02764966
7098984,0.02627354
7098985,0.038822893
7098986,0.1527626
7098987,0.086925745
7098988,0.08799181
7098989,0.04786415
7098990,0.026619393
7098991,0.028168917
7098992,0.029947424
7098993,0.028541183
7098994,0.04183734
7098995,0.07755693
7098996,0.09697185
7098997,0.022427835
7098998,0.02692315
7098999,0.041730527
7099000,0.041437596
7099001,0.030463757
7099002,0.047202248
7099003,0.025200767
7099004,0.03084167
7099005,0.047096543
7099006,0.055481482
7099007,0.040244002
7099008,0.0182971
7099009,0.034123342
7099010,0.02065257
7099011,0.043606453
7099012,0.017504826
7099013,0.028181683
7099014,0.039252285
7099015,0.02012978
7099016,0.02166221
7099017,0.041281696
7099018,0.017154498
7099019,0.02293763
7099020,0.03444967
7099021,0.03327909
7099022,0.04296972
7099023,0.04156624
7099024,0.056602016
7099025,0.022257516
7099026,0.0363167
7099027,0.017996663
7099028,0.04063885
7099029,0.029777752
7099030,0.022971468
7099031,0.01963179
7099032,0.025763676
7099033,0.035472006
7099034,0.020054141
7099035,0.044186898
7099036,0.051989354
7099037,0.030581951
7099038,0.040117398
7099039,0.016999742
7099040,0.033660788
7099041,0.03402815
7099042,0.024042334
7099043,0.06698167
7099044,0.023913028
7099045,0.04831915
7099046,0.040595986
7099047,0.052256398
7099048,0.030238425
7099049,0.033309765
7099050,0.05588154
7099051,0.03293721
7099052,0.021510398
7099053,0.11641341
7099054,0.044712532
7099055,0.038875204
7099056,0.029489147
7099057,0.18503061
7099058,0.058588054
7099059,0.03481276
7099060,0.035090532
7099061,0.1410531
7099062,0.117223434
7099063,0.023562245
7099064,0.020570274
7099065,0.053926386
7099066,0.03378596
7099067,0.01944338
7099068,0.028400965
7099069,0.027319293
7099070,0.0626757
7099071,0.049912002
7099072,0.038541008
7099073,0.038160603
7099074,0.037112612
7099075,0.01660402
7099076,0.025822494
7099077,0.022747912
7099078,0.021132633
7099079,0.046903275
7099080,0.022958709
7099081,0.17680532
7099082,0.042138983
7099083,0.020419516
7099084,0.057087887
7099085,0.01909263
7099086,0.028441934
7099087,0.04081619
7099088,0.025920076
7099089,0.036934238
7099090,0.08175849
7099091,0.022588775
7099092,0.04089629
7099093,0.039385047
7099094,0.02677568
7099095,0.045783687
7099096,0.03745658
7099097,0.046700012
7099098,0.0196833
7099099,0.0152779715
7099100,0.050491706
7099101,0.0580988
7099102,0.036172938
7099103,0.03678168
7099104,0.022407291
7099105,0.018978365
7099106,0.02223005
7099107,0.033450253
7099108,0.022622695
7099109,0.06920531
7099110,0.036580823
7099111,0.030446488
7099112,0.026756583
7099113,0.050602145
7099114,0.03499532
7099115,0.02248448
7099116,0.030295696
7099117,0.08927946
7099118,0.04014197
7099119,0.027857186
7099120,0.030067919
7099121,0.04834973
7099122,0.035307217
7099123,0.05243391
7099124,0.025468154
7099125,0.049027916
7099126,0.05947306
7099127,0.018639565
7099128,0.039574534
7099129,0.021527221
7099130,0.015667642
7099131,0.020243723
7099132,0.080263175
7099133,0.044822164
7099134,0.042623404
7099135,0.032376382
7099136,0.02613081
7099137,0.022749385
7099138,0.036085
7099139,0.03154524
7099140,0.019343661
7099141,0.039918568
7099142,0.11605791
7099143,0.030366786
7099144,0.03049395
7099145,0.028822519
7099146,0.04065547
7099147,0.06582812
7099148,0.026421292
7099149,0.04265755
7099150,0.027431699
7099151,0.038839977
7099152,0.045692302
7099153,0.03272946
7099154,0.035477314
7099155,0.067197055
7099156,0.021715872
7099157,0.027793966
7099158,0.024301818
7099159,0.047269702
7099160,0.046751823
7099161,0.05146762
7099162,0.04418989
7099163,0.027557623
7099164,0.059849408
7099165,0.14429332
7099166,0.022397798
7099167,0.02119896
7099168,0.033700377
7099169,0.04026842
7099170,0.03615969
7099171,0.045688476
7099172,0.021496138
7099173,0.029213067
7099174,0.031440023
7099175,0.049468067
7099176,0.082828194
7099177,0.024854317
7099178,0.024603577
7099179,0.0694944
7099180,0.030692132
7099181,0.019281194
7099182,0.19982703
7099183,0.039940506
7099184,0.050684966
7099185,0.016308052
7099186,0.03219955
7099187,0.027171304
7099188,0.07000949
7099189,0.055007175
7099190,0.06404808
7099191,0.08703927
7099192,0.026947884
7099193,0.018452335
7099194,0.04386952
7099195,0.030965313
7099196,0.037101958
7099197,0.08097369
7099198,0.10712686
7099199,0.02717989
7099200,0.028197413
7099201,0.023938831
7099202,0.026974324
7099203,0.07143956
7099204,0.021794435
7099205,0.02886828
7099206,0.0405228
7099207,0.0370096
7099208,0.034341827
7099209,0.03764573
7099210,0.024066625
7099211,0.017541043
7099212,0.021249935
7099213,0.048688598
7099214,0.057967674
7099215,0.026927011
7099216,0.022853773
7099217,0.03348785
7099218,0.05413305
7099219,0.049084935
7099220,0.029332759
7099221,0.051775426
7099222,0.019725107
7099223,0.03154475
7099224,0.030652706
7099225,0.028147848
7099226,0.032943577
7099227,0.033678673
7099228,0.06192825
7099229,0.040387064
7099230,0.025090214
7099231,0.050968435
7099232,0.04564726
7099233,0.04265954
7099234,0.030824991
7099235,0.022430988
7099236,0.037385233
7099237,0.030575577
7099238,0.024225531
7099239,0.028840547
7099240,0.06287318
7099241,0.025241716
7099242,0.04853
7099243,0.026962876
7099244,0.038454283
7099245,0.060339976
7099246,0.019622367
7099247,0.017842462
7099248,0.017268533
7099249,0.028908331
7099250,0.027792627
7099251,0.033441592
7099252,0.051294845
7099253,0.03309374
7099254,0.016361486
7099255,0.03277779
7099256,0.0593623
7099257,0.030977096
7099258,0.15989143
7099259,0.046334032
7099260,0.027008688
7099261,0.049468316
7099262,0.024887836
7099263,0.11679694
7099264,0.018685177
7099265,0.04199615
7099266,0.05043465
7099267,0.020330723
7099268,0.11788489
7099269,0.013406763
7099270,0.01931893
7099271,0.035696592
7099272,0.029892355
7099273,0.044539392
7099274,0.0436655
7099275,0.021127285
7099276,0.042982955
7099277,0.05656843
7099278,0.026603311
7099279,0.03530072
7099280,0.037663393
7099281,0.01415622
7099282,0.022470428
7099283,0.044851057
7099284,0.02118274
7099285,0.035981998
7099286,0.03329787
7099287,0.04984536
7099288,0.022371225
7099289,0.024395274
7099290,0.034327924
7099291,0.03567221
7099292,0.0425805
7099293,0.0621723
7099294,0.055384137
7099295,0.038258962
7099296,0.021325808
7099297,0.034737047
7099298,0.0346482
7099299,0.053593606
7099300,0.04540662
7099301,0.09765221
7099302,0.039294116
7099303,0.018911798
7099304,0.017683575
7099305,0.039048716
7099306,0.055474874
7099307,0.028399328
7099308,0.026003154
7099309,0.029657993
7099310,0.019223588
7099311,0.081207134
7099312,0.029874897
7099313,0.023477852
7099314,0.025556058
7099315,0.09718849
7099316,0.08260495
7099317,0.019848213
7099318,0.061142962
7099319,0.08312109
7099320,0.022878744
7099321,0.027046587
7099322,0.075953774
7099323,0.0498409
7099324,0.03819966
7099325,0.017520446
7099326,0.02644338
7099327,0.03628432
7099328,0.024568934
7099329,0.032682683
7099330,0.040923696
7099331,0.028477205
7099332,0.044229973
7099333,0.032227814
7099334,0.23996386
7099335,0.047769513
7099336,0.026346521
7099337,0.029870745
7099338,0.08097973
7099339,0.02372263
7099340,0.023510927
7099341,0.037172854
7099342,0.020993391
7099343,0.04156785
7099344,0.14441513
7099345,0.025653403
7099346,0.019823624
7099347,0.13390997
7099348,0.027764676
7099349,0.04331015
7099350,0.021802736
7099351,0.01925884
7099352,0.053354252
7099353,0.031511445
7099354,0.06780212
7099355,0.033138305
7099356,0.047456484
7099357,0.029483085
7099358,0.05518495
7099359,0.035583578
7099360,0.054802597
7099361,0.025138237
7099362,0.038935326
7099363,0.020090476
7099364,0.015205305
7099365,0.035186388
7099366,0.024493182
7099367,0.028548444
7099368,0.025180137
7099369,0.04815929
7099370,0.036202792
7099371,0.023895597
7099372,0.04271975
7099373,0.105267
7099374,0.067726284
7099375,0.033599094
7099376,0.025259051
7099377,0.032855365
7099378,0.01617865
7099379,0.052724943
7099380,0.028157106
7099381,0.01692682
7099382,0.033569746
7099383,0.09424794
7099384,0.02508099
7099385,0.054761764
7099386,0.08611419
7099387,0.024101257
7099388,0.03294001
7099389,0.0250537
7099390,0.078368366
7099391,0.032100532
7099392,0.059002828
7099393,0.02933817
7099394,0.14644498
7099395,0.02753227
7099396,0.022675069
7099397,0.015604745
7099398,0.020192148
7099399,0.027957022
7099400,0.040486533
7099401,0.0875618
7099402,0.030310366
7099403,0.06776418
7099404,0.11808103
7099405,0.02967774
7099406,0.018700186
7099407,0.017979238
7099408,0.02632881
7099409,0.029088032
7099410,0.05545018
7099411,0.04734276
7099412,0.044731796
7099413,0.038320333
7099414,0.034495506
7099415,0.055512287
7099416,0.033006694
7099417,0.020389458
7099418,0.028069863
7099419,0.037115518
7099420,0.10483435
7099421,0.022894787
7099422,0.037774388
7099423,0.02985621
7099424,0.039788082
7099425,0.023022056
7099426,0.04893181
7099427,0.16181749
7099428,0.04960322
7099429,0.031528983
7099430,0.025396243
7099431,0.036346514
7099432,0.03758901
7099433,0.039824013
7099434,0.040292934
7099435,0.03261605
7099436,0.05596807
7099437,0.024330102
7099438,0.035808217
7099439,0.06489754
7099440,0.054134857
7099441,0.033835158
7099442,0.029065765
7099443,0.026935417
7099444,0.026572652
7099445,0.046386845
7099446,0.03814888
7099447,0.046143316
7099448,0.02573327
7099449,0.023523549
7099450,0.020965401
7099451,0.024639798
7099452,0.02835963
7099453,0.027027803
7099454,0.03323714
7099455,0.02108651
7099456,0.043912716
7099457,0.044752114
7099458,0.04345305
7099459,0.021714162
7099460,0.047849312
7099461,0.05204874
7099462,0.02157605
7099463,0.034050383
7099464,0.022066709
7099465,0.022386635
7099466,0.04283273
7099467,0.031765316
7099468,0.03077557
7099469,0.05012753
7099470,0.029917587
7099471,0.05268393
7099472,0.02620087
7099473,0.017088376
7099474,0.02429877
7099475,0.015928809
7099476,0.03624551
7099477,0.046513155
7099478,0.026461635
7099479,0.087708205
7099480,0.022190647
7099481,0.021936452
7099482,0.030400347
7099483,0.14176333
7099484,0.028297165
7099485,0.027850406
7099486,0.04484138
7099487,0.025601486
7099488,0.029165903
7099489,0.01823599
7099490,0.025249016
7099491,0.031825356
7099492,0.015324353
7099493,0.06319256
7099494,0.14367571
7099495,0.034294777
7099496,0.028896034
7099497,0.026099183
7099498,0.046965852
7099499,0.09506413
7099500,0.01747671
7099501,0.02101456
7099502,0.02996975
7099503,0.025426516
7099504,0.05110275
7099505,0.021471107
7099506,0.029637579
7099507,0.048465684
7099508,0.028334634
7099509,0.039315775
7099510,0.19583109
7099511,0.024800958
7099512,0.056911483
7099513,0.13938397
7099514,0.11405972
7099515,0.019663017
7099516,0.0460882
7099517,0.05054853
7099518,0.023257405
7099519,0.032224037
7099520,0.023622999
7099521,0.030138582
7099522,0.03718646
7099523,0.08078885
7099524,0.060286485
7099525,0.024611937
7099526,0.032127924
7099527,0.038043354
7099528,0.027370958
7099529,0.028704192
7099530,0.05166725
7099531,0.031346116
7099532,0.0417164
7099533,0.03452485
7099534,0.03488202
7099535,0.019845624
7099536,0.020676048
7099537,0.020730913
7099538,0.044071864
7099539,0.02908037
7099540,0.028169451
7099541,0.027673028
7099542,0.034783926
7099543,0.022065666
7099544,0.021397255
7099545,0.028976604
7099546,0.060713716
7099547,0.020329935
7099548,0.031805504
7099549,0.02761356
7099550,0.036745805
7099551,0.020603662
7099552,0.02021261
7099553,0.05450403
7099554,0.028993897
7099555,0.04634023
7099556,0.02630312
7099557,0.036067285
7099558,0.07549217
7099559,0.02219842
7099560,0.021317469
7099561,0.19982703
7099562,0.028782127
7099563,0.019567765
7099564,0.03909059
7099565,0.21541993
7099566,0.024150418
7099567,0.048533436
7099568,0.020494385
7099569,0.057834018
7099570,0.04364335
7099571,0.030285668
7099572,0.03212098
7099573,0.027933644
7099574,0.034608502
7099575,0.025634993
7099576,0.028398372
7099577,0.01813576
7099578,0.13445078
7099579,0.022570696
7099580,0.05418866
7099581,0.03005225
7099582,0.035099447
7099583,0.02280151
7099584,0.029986203
7099585,0.05109796
7099586,0.02476799
7099587,0.14079103
7099588,0.025791366
7099589,0.018285448
7099590,0.0718551
7099591,0.030056663
7099592,0.027130775
7099593,0.014429132
7099594,0.03423956
7099595,0.021222303
7099596,0.09827503
7099597,0.02678727
7099598,0.02867221
7099599,0.03796375
7099600,0.09085478
7099601,0.023353755
7099602,0.04070203
7099603,0.019881334
7099604,0.026463453
7099605,0.019414203
7099606,0.087461464
7099607,0.02403187
7099608,0.027363198
7099609,0.03271811
7099610,0.08026902
7099611,0.047100805
7099612,0.029148785
7099613,0.040030416
7099614,0.03211365
7099615,0.034903616
7099616,0.021681538
7099617,0.055351116
7099618,0.055860788
7099619,0.023410305
7099620,0.041710377
7099621,0.019133085
7099622,0.029371914
7099623,0.026398066
7099624,0.020920876
7099625,0.02129823
7099626,0.065676264
7099627,0.037524566
7099628,0.045762476
7099629,0.025254829
7099630,0.032639045
7099631,0.03092724
7099632,0.04713313
7099633,0.033110127
7099634,0.020441407
7099635,0.027758813
7099636,0.059132364
7099637,0.051299807
7099638,0.02702356
7099639,0.033143118
7099640,0.01833574
7099641,0.038373474
7099642,0.044473298
7099643,0.13276505
7099644,0.023993108
7099645,0.040358875
7099646,0.029868146
7099647,0.02345351
7099648,0.048300374
7099649,0.03212297
7099650,0.055813037
7099651,0.035759363
7099652,0.020521706
7099653,0.059867185
7099654,0.044254825
7099655,0.062767915
7099656,0.02170492
7099657,0.02340317
7099658,0.029571684
7099659,0.02083262
7099660,0.03227242
7099661,0.09089914
7099662,0.029475527
7099663,0.041327186
7099664,0.01582351
7099665,0.11525869
7099666,0.028840829
7099667,0.023653386
7099668,0.044174496
7099669,0.02768761
7099670,0.02302597
7099671,0.13551755
7099672,0.034947887
7099673,0.029566878
7099674,0.03974325
7099675,0.033837385
7099676,0.049307242
7099677,0.031377934
7099678,0.018880943
7099679,0.06652586
7099680,0.029502146
7099681,0.051348004
7099682,0.024104223
7099683,0.02502195
7099684,0.02113146
7099685,0.018801833
7099686,0.032288153
7099687,0.042623702
7099688,0.036551047
7099689,0.021041952
7099690,0.018251967
7099691,0.031142363
7099692,0.18964806
7099693,0.036482356
7099694,0.14820008
7099695,0.028926803
7099696,0.020161422
7099697,0.02350231
7099698,0.02002819
7099699,0.14647831
7099700,0.028142678
7099701,0.084632374
7099702,0.027793825
7099703,0.03587884
7099704,0.018809935
7099705,0.019441256
7099706,0.038076103
7099707,0.24536976
7099708,0.018136278
7099709,0.06417471
7099710,0.033358205
7099711,0.070817605
7099712,0.040847503
7099713,0.021822209
7099714,0.054561436
7099715,0.01935677
7099716,0.02953525
7099717,0.021469325
7099718,0.034964625
7099719,0.025590494
7099720,0.020504883
7099721,0.037911456
7099722,0.017967977
7099723,0.032536138
7099724,0.041537452
7099725,0.07623912
7099726,0.021760972
7099727,0.03412183
7099728,0.034442015
7099729,0.054675825
7099730,0.02719305
7099731,0.05227899
7099732,0.06812405
7099733,0.04269653
7099734,0.025235973
7099735,0.021418504
7099736,0.022066602
7099737,0.041685693
7099738,0.04537485
7099739,0.030652085
7099740,0.03445845
7099741,0.07984226
7099742,0.020059979
7099743,0.019392269
7099744,0.032580033
7099745,0.025849631
7099746,0.02568751
7099747,0.021830823
7099748,0.017453635
7099749,0.038431104
7099750,0.044145767
7099751,0.19191569
7099752,0.04054725
7099753,0.04070715
7099754,0.02832072
7099755,0.020633744
7099756,0.03691098
7099757,0.037849654
7099758,0.03862546
7099759,0.059694175
7099760,0.0557529
7099761,0.020786444
7099762,0.056227606
7099763,0.023915749
7099764,0.018774185
7099765,0.029915165
7099766,0.046146996
7099767,0.027352566
7099768,0.028079702
7099769,0.024294395
7099770,0.03761611
7099771,0.0363021
7099772,0.031729516
7099773,0.021473145
7099774,0.039254326
7099775,0.036979653
7099776,0.037738997
7099777,0.041922063
7099778,0.05579029
7099779,0.015095248
7099780,0.029581722
7099781,0.019538233
7099782,0.040831856
7099783,0.046276964
7099784,0.06814201
7099785,0.029391767
7099786,0.034822725
7099787,0.11187222
7099788,0.09244416
7099789,0.02148436
7099790,0.025072316
7099791,0.02519486
7099792,0.056843143
7099793,0.020292567
7099794,0.057593253
7099795,0.10705662
7099796,0.042793054
7099797,0.02568775
7099798,0.091860466
7099799,0.05412045
7099800,0.032947276
7099801,0.023564922
7099802,0.03656856
7099803,0.0237281
7099804,0.111074895
7099805,0.027889732
7099806,0.026614198
7099807,0.03723803
7099808,0.116354585
7099809,0.02292701
7099810,0.018003387
7099811,0.021489803
7099812,0.02042141
7099813,0.043684375
7099814,0.02950185
7099815,0.034446865
7099816,0.031289067
7099817,0.022627486
7099818,0.023160774
7099819,0.03501556
7099820,0.080437906
7099821,0.042683106
7099822,0.0409013
7099823,0.046328343
7099824,0.030581435
7099825,0.023082698
7099826,0.026896607
7099827,0.08478431
7099828,0.019877322
7099829,0.03024791
7099830,0.026931586
7099831,0.032474127
7099832,0.02321801
7099833,0.03625009
7099834,0.03520429
7099835,0.029273367
7099836,0.06440065
7099837,0.033307567
7099838,0.018960051
7099839,0.040988248
7099840,0.051883098
7099841,0.03130345
7099842,0.038748566
7099843,0.10141891
7099844,0.034046218
7099845,0.032621536
7099846,0.060391482
7099847,0.035874885
7099848,0.026187412
7099849,0.092214555
7099850,0.1550007
7099851,0.016453324
7099852,0.030399252
7099853,0.026859097
7099854,0.03732459
7099855,0.01891052
7099856,0.02947951
7099857,0.046316706
7099858,0.017454952
7099859,0.024016282
7099860,0.050073825
7099861,0.019719515
7099862,0.03449287
7099863,0.03300814
7099864,0.044226587
7099865,0.13529779
7099866,0.02472914
7099867,0.066316076
7099868,0.097282656
7099869,0.02885928
7099870,0.02889044
7099871,0.02362379
7099872,0.032550868
7099873,0.046792015
7099874,0.033617377
7099875,0.026866281
7099876,0.033726584
7099877,0.018645048
7099878,0.023963356
7099879,0.036429636
7099880,0.029749522
7099881,0.029416915
7099882,0.026688354
7099883,0.047187157
7099884,0.03496731
7099885,0.030234957
7099886,0.063224085
7099887,0.027055033
7099888,0.04670507
7099889,0.048054937
7099890,0.112505004
7099891,0.035784703
7099892,0.021879354
7099893,0.03816095
7099894,0.019849481
7099895,0.06653774
7099896,0.025327165
7099897,0.036427688
7099898,0.025727484
7099899,0.023550987
7099900,0.023447497
7099901,0.024852151
7099902,0.041586265
7099903,0.016486637
7099904,0.047383573
7099905,0.032996222
7099906,0.034258664
7099907,0.070297964
7099908,0.022562353
7099909,0.06557692
7099910,0.037847117
7099911,0.02407386
7099912,0.032616798
7099913,0.025092604
7099914,0.08054685
7099915,0.051630262
7099916,0.027253592
7099917,0.04658874
7099918,0.052506883
7099919,0.07845924
7099920,0.034340363
7099921,0.025652876
7099922,0.036578804
7099923,0.024164762
7099924,0.044280615
7099925,0.047031354
7099926,0.1125413
7099927,0.03369545
7099928,0.20599476
7099929,0.029735912
7099930,0.05120535
7099931,0.046321608
7099932,0.0409304
7099933,0.025420297
7099934,0.03214364
7099935,0.024798628
7099936,0.08791615
7099937,0.028310165
7099938,0.05785308
7099939,0.02657279
7099940,0.028161006
7099941,0.056345176
7099942,0.021665372
7099943,0.035546802
7099944,0.054247513
7099945,0.052234318
7099946,0.034447998
7099947,0.028896324
7099948,0.023497969
7099949,0.03122981
7099950,0.046512827
7099951,0.025033172
7099952,0.01952538
7099953,0.039297167
7099954,0.03467658
7099955,0.023264913
7099956,0.03086882
7099957,0.02181306
7099958,0.07714818
7099959,0.06937896
7099960,0.03452379
7099961,0.025962694
7099962,0.03218818
7099963,0.037266355
7099964,0.048323713
7099965,0.020110708
7099966,0.025797833
7099967,0.030510323
7099968,0.029627427
7099969,0.01630445
7099970,0.044038236
7099971,0.049672183
7099972,0.022610366
7099973,0.1812812
7099974,0.028243534
7099975,0.03678054
7099976,0.19033182
7099977,0.04750987
7099978,0.023163788
7099979,0.035745922
7099980,0.021518782
7099981,0.10948991
7099982,0.030886663
7099983,0.32633516
7099984,0.03423269
7099985,0.015170822
7099986,0.054995365
7099987,0.06337653
7099988,0.019880194
7099989,0.03689867
7099990,0.085742444
7099991,0.027881177
7099992,0.030481776
7099993,0.022826076
7099994,0.02420426
7099995,0.021501059
7099996,0.023418898
7099997,0.03601613
7099998,0.040572032
7099999,0.023444185
7100000,0.046088096
7100001,0.061944224
7100002,0.099963486
7100003,0.026116168
7100004,0.02825504
7100005,0.043828826
7100006,0.032984063
7100007,0.020253351
7100008,0.022599284
7100009,0.015898325
7100010,0.020466361
7100011,0.017722081
7100012,0.032285366
7100013,0.037212092
7100014,0.027594717
7100015,0.022812864
7100016,0.028849505
7100017,0.041226096
7100018,0.043065097
7100019,0.019809
7100020,0.023419144
7100021,0.051448524
7100022,0.018936813
7100023,0.026047176
7100024,0.021484662
7100025,0.020045418
7100026,0.22669058
7100027,0.031297445
7100028,0.02860317
7100029,0.01781398
7100030,0.02557749
7100031,0.21350767
7100032,0.022490522
7100033,0.06876788
7100034,0.026101775
7100035,0.034071673
7100036,0.027999703
7100037,0.056688946
7100038,0.024221621
7100039,0.014227701
7100040,0.025327066
7100041,0.02875287
7100042,0.035367064
7100043,0.0276009
7100044,0.033163376
7100045,0.027390389
7100046,0.041938502
7100047,0.03329199
7100048,0.033004303
7100049,0.027787423
7100050,0.026003653
7100051,0.045548566
7100052,0.019767879
7100053,0.032839537
7100054,0.035921708
7100055,0.034490522
7100056,0.03500739
7100057,0.034178764
7100058,0.025919588
7100059,0.04313517
7100060,0.017718421
7100061,0.075605296
7100062,0.04256624
7100063,0.06983889
7100064,0.07272352
7100065,0.13537973
7100066,0.2275577
7100067,0.039285492
7100068,0.025896164
7100069,0.032609444
7100070,0.036633648
7100071,0.022882648
7100072,0.024950653
7100073,0.053514987
7100074,0.030153485
7100075,0.041767906
7100076,0.019683098
7100077,0.03821118
7100078,0.016959
7100079,0.030281859
7100080,0.039452795
7100081,0.0486431
7100082,0.032253813
7100083,0.04765542
7100084,0.03699967
7100085,0.05215988
7100086,0.027159777
7100087,0.023709917
7100088,0.058730215
7100089,0.037440527
7100090,0.034718923
7100091,0.057178687
7100092,0.036543645
7100093,0.06997393
7100094,0.19725037
7100095,0.017739275
7100096,0.057116076
7100097,0.030711105
7100098,0.017914401
7100099,0.029499123
7100100,0.26005366
7100101,0.022142865
7100102,0.023628507
7100103,0.028519722
7100104,0.030571315
7100105,0.026589109
7100106,0.072528586
7100107,0.017420916
7100108,0.05315819
7100109,0.037157893
7100110,0.054339707
7100111,0.021812558
7100112,0.021819098
7100113,0.02751943
7100114,0.026092377
7100115,0.039840773
7100116,0.017665876
7100117,0.038363196
7100118,0.02183953
7100119,0.047666125
7100120,0.043077737
7100121,0.031781204
7100122,0.027203817
7100123,0.027463786
7100124,0.032670412
7100125,0.045612536
7100126,0.027610037
7100127,0.046100132
7100128,0.02597611
7100129,0.090732954
7100130,0.01822961
7100131,0.03662875
7100132,0.03261973
7100133,0.031521436
7100134,0.032664884
7100135,0.047645535
7100136,0.03752655
7100137,0.02794704
7100138,0.02834278
7100139,0.031197207
7100140,0.029947024
7100141,0.028135855
7100142,0.03541062
7100143,0.015849065
7100144,0.024701003
7100145,0.023394477
7100146,0.040638473
7100147,0.027120141
7100148,0.038302183
7100149,0.11866547
7100150,0.04639025
7100151,0.025500087
7100152,0.033732105
7100153,0.21097401
7100154,0.017993087
7100155,0.027184756
7100156,0.05035245
7100157,0.028949521
7100158,0.03982312
7100159,0.035599746
7100160,0.054759894
7100161,0.02491043
7100162,0.033816922
7100163,0.040965974
7100164,0.022136528
7100165,0.030442951
7100166,0.04480362
7100167,0.04085328
7100168,0.03544853
7100169,0.030187653
7100170,0.08761001
7100171,0.021174861
7100172,0.073355354
7100173,0.059761923
7100174,0.054554805
7100175,0.022088796
7100176,0.04215263
7100177,0.040890455
7100178,0.12729037
7100179,0.03636292
7100180,0.035717797
7100181,0.021991875
7100182,0.03762925
7100183,0.047095627
7100184,0.054514937
7100185,0.021670457
7100186,0.13319719
7100187,0.03277168
7100188,0.04638986
7100189,0.023039265
7100190,0.020300958
7100191,0.14120212
7100192,0.046107795
7100193,0.024801452
7100194,0.050514787
7100195,0.0365509
7100196,0.024738343
7100197,0.017386856
7100198,0.05121275
7100199,0.024629233
7100200,0.059235156
7100201,0.049071025
7100202,0.05270477
7100203,0.05454038
7100204,0.01657331
7100205,0.02605901
7100206,0.016519194
7100207,0.015139762
7100208,0.019770706
7100209,0.041323062
7100210,0.046227198
7100211,0.03765508
7100212,0.022747168
7100213,0.02860662
7100214,0.058260664
7100215,0.030103484
7100216,0.025655698
7100217,0.0418215
7100218,0.02664058
7100219,0.021071048
7100220,0.1959064
7100221,0.021336786
7100222,0.029663613
7100223,0.052297834
7100224,0.037512697
7100225,0.023985684
7100226,0.043321647
7100227,0.032172453
7100228,0.018645646
7100229,0.057837546
7100230,0.034417044
7100231,0.013247675
7100232,0.020456288
7100233,0.044988297
7100234,0.056658566
7100235,0.04968065
7100236,0.025362317
7100237,0.022218093
7100238,0.044436604
7100239,0.059752204
7100240,0.022367857
7100241,0.053795464
7100242,0.029741906
7100243,0.020691184
7100244,0.04420577
7100245,0.021888213
7100246,0.03397941
7100247,0.026114361
7100248,0.04873082
7100249,0.015485957
7100250,0.050357647
7100251,0.06145202
7100252,0.021616038
7100253,0.07788823
7100254,0.027034082
7100255,0.08057634
7100256,0.049651787
7100257,0.043765724
7100258,0.040393107
7100259,0.043673772
7100260,0.04124491
7100261,0.024493158
7100262,0.03278504
7100263,0.045507517
7100264,0.026590534
7100265,0.012950294
7100266,0.018851163
7100267,0.035814915
7100268,0.013814709
7100269,0.022900918
7100270,0.07270107
7100271,0.16874497
7100272,0.02205174
7100273,0.03807868
7100274,0.028020004
7100275,0.124204814
7100276,0.04513243
7100277,0.07557735
7100278,0.031576753
7100279,0.04269932
7100280,0.065778315
7100281,0.03257483
7100282,0.04590285
7100283,0.04230311
7100284,0.041138113
7100285,0.02577972
7100286,0.032129098
7100287,0.063486814
7100288,0.09534657
7100289,0.015353444
7100290,0.03526912
7100291,0.12778407
7100292,0.025375405
7100293,0.031934317
7100294,0.022465324
7100295,0.028531402
7100296,0.035531234
7100297,0.07829582
7100298,0.0775753
7100299,0.038542543
7100300,0.022656124
7100301,0.0265787
7100302,0.023217186
7100303,0.039692286
7100304,0.025961915
7100305,0.057933506
7100306,0.046290774
7100307,0.063678496
7100308,0.017983776
7100309,0.030396523
7100310,0.015829999
7100311,0.024751678
7100312,0.056578975
7100313,0.059802394
7100314,0.11452238
7100315,0.048227504
7100316,0.06267887
7100317,0.025969736
7100318,0.037175044
7100319,0.039724413
7100320,0.0333441
7100321,0.044807643
7100322,0.24605112
7100323,0.02694521
7100324,0.028541196
7100325,0.026460523
7100326,0.15637109
7100327,0.028845109
7100328,0.038451195
7100329,0.031297013
7100330,0.028762406
7100331,0.02193265
7100332,0.052922707
7100333,0.042619847
7100334,0.032641944
7100335,0.036502276
7100336,0.021888524
7100337,0.09963123
7100338,0.22904639
7100339,0.059877884
7100340,0.024215784
7100341,0.03692823
7100342,0.02833543
7100343,0.019371716
7100344,0.01815224
7100345,0.033892613
7100346,0.037708
7100347,0.021783505
7100348,0.019659506
7100349,0.026120655
7100350,0.037237916
7100351,0.025737872
7100352,0.028711399
7100353,0.050521318
7100354,0.023184983
7100355,0.02567924
7100356,0.09780893
7100357,0.019490995
7100358,0.036073647
7100359,0.047937926
7100360,0.033407137
7100361,0.036578458
7100362,0.08913007
7100363,0.04336674
7100364,0.051786043
7100365,0.053407583
7100366,0.040314216
7100367,0.040033057
7100368,0.04853953
7100369,0.024986716
7100370,0.022253511
7100371,0.08731458
7100372,0.019845633
7100373,0.025287231
7100374,0.032952737
7100375,0.030715697
7100376,0.03369324
7100377,0.020211402
7100378,0.017988946
7100379,0.027563183
7100380,0.029358396
7100381,0.025542997
7100382,0.08794329
7100383,0.019856539
7100384,0.038891666
7100385,0.01882996
7100386,0.03590707
7100387,0.054179788
7100388,0.03537373
7100389,0.092835754
7100390,0.11992132
7100391,0.055433277
7100392,0.041695833
7100393,0.024194548
7100394,0.027391145
7100395,0.021984862
7100396,0.045048945
7100397,0.038588695
7100398,0.051555555
7100399,0.026917448
7100400,0.03579516
7100401,0.02147986
7100402,0.035465594
7100403,0.031361442
7100404,0.030436715
7100405,0.05012728
7100406,0.032814134
7100407,0.014746789
7100408,0.037537087
7100409,0.015142693
7100410,0.02282353
7100411,0.04371578
7100412,0.027712258
7100413,0.12399684
7100414,0.040753998
7100415,0.084189296
7100416,0.027133215
7100417,0.02285736
7100418,0.034664515
7100419,0.021631338
7100420,0.16166176
7100421,0.034177806
7100422,0.028717916
7100423,0.053622756
7100424,0.034557186
7100425,0.03549265
7100426,0.110826485
7100427,0.015745444
7100428,0.028730728
7100429,0.02450416
7100430,0.016043788
7100431,0.025742758
7100432,0.03369429
7100433,0.121286176
7100434,0.019885095
7100435,0.08471191
7100436,0.043492727
7100437,0.025684228
7100438,0.030856235
7100439,0.023748528
7100440,0.02167581
7100441,0.030380098
7100442,0.033935066
7100443,0.026098777
7100444,0.041748352
7100445,0.048631992
7100446,0.023350889
7100447,0.02457587
7100448,0.029088032
7100449,0.044783555
7100450,0.020965165
7100451,0.022097373
7100452,0.055577002
7100453,0.05687872
7100454,0.022407452
7100455,0.022570347
7100456,0.01709078
7100457,0.027094265
7100458,0.043477554
7100459,0.09151326
7100460,0.04837598
7100461,0.032218825
7100462,0.026613625
7100463,0.0505678
7100464,0.043222878
7100465,0.03586831
7100466,0.027380254
7100467,0.031698603
7100468,0.039149772
7100469,0.053773616
7100470,0.086723134
7100471,0.01101273
7100472,0.124248624
7100473,0.03896106
7100474,0.05211328
7100475,0.050077047
7100476,0.038334355
7100477,0.027698707
7100478,0.019591836
7100479,0.02316867
7100480,0.054852154
7100481,0.025034038
7100482,0.04389724
7100483,0.019220142
7100484,0.04087195
7100485,0.0522253
7100486,0.049475666
7100487,0.011997342
7100488,0.067312285
7100489,0.021042788
7100490,0.028971346
7100491,0.056052394
7100492,0.022527752
7100493,0.02512471
7100494,0.037275236
7100495,0.0237642
7100496,0.02562861
7100497,0.1357385
7100498,0.021510018
7100499,0.04731801
7100500,0.026126636
7100501,0.032177415
7100502,0.035642263
7100503,0.016232481
7100504,0.026079698
7100505,0.027845204
7100506,0.021478027
7100507,0.062326036
7100508,0.016537318
7100509,0.024194127
7100510,0.14651147
7100511,0.19212326
7100512,0.02129151
7100513,0.034796666
7100514,0.055655014
7100515,0.026657937
7100516,0.06570328
7100517,0.16546431
7100518,0.031059837
7100519,0.035429418
7100520,0.047635064
7100521,0.02800151
7100522,0.016755305
7100523,0.05222537
7100524,0.13018155
7100525,0.02435976
7100526,0.027483987
7100527,0.049849935
7100528,0.044759694
7100529,0.038886137
7100530,0.041148685
7100531,0.08448701
7100532,0.023305975
7100533,0.07579975
7100534,0.037801206
7100535,0.03287716
7100536,0.04066945
7100537,0.045865055
7100538,0.03016261
7100539,0.026047891
7100540,0.040407084
7100541,0.029073542
7100542,0.02776217
7100543,0.043004647
7100544,0.04368069
7100545,0.21980077
7100546,0.03968698
7100547,0.049496133
7100548,0.025161145
7100549,0.035436153
7100550,0.031605847
7100551,0.02499453
7100552,0.0381441
7100553,0.029778054
7100554,0.024038775
7100555,0.024506764
7100556,0.029044418
7100557,0.049107015
7100558,0.049867395
7100559,0.036166854
7100560,0.023376811
7100561,0.030272787
7100562,0.02624719
7100563,0.038520753
7100564,0.035202812
7100565,0.10616762
7100566,0.07940208
7100567,0.05012478
7100568,0.049802445
7100569,0.07390058
7100570,0.031859055
7100571,0.027133143
7100572,0.024119616
7100573,0.26197267
7100574,0.05034295
7100575,0.023157349
7100576,0.04573469
7100577,0.027645364
7100578,0.111679226
7100579,0.019748252
7100580,0.08554207
7100581,0.02621293
7100582,0.03611707
7100583,0.0425902
7100584,0.048386272
7100585,0.032246508
7100586,0.02599719
7100587,0.020644765
7100588,0.022226142
7100589,0.025592307
7100590,0.027860137
7100591,0.053886972
7100592,0.030342124
7100593,0.019953264
7100594,0.05963939
7100595,0.0134748155
7100596,0.024836808
7100597,0.034745052
7100598,0.018843314
7100599,0.040588126
7100600,0.024413152
7100601,0.029758753
7100602,0.027588865
7100603,0.019502273
7100604,0.02091942
7100605,0.10412498
7100606,0.031933185
7100607,0.031293057
7100608,0.021425951
7100609,0.031472094
7100610,0.041527998
7100611,0.019210754
7100612,0.023967272
7100613,0.015172554
7100614,0.03867288
7100615,0.016328659
7100616,0.059552044
7100617,0.030287167
7100618,0.034824613
7100619,0.021254594
7100620,0.041791234
7100621,0.061417066
7100622,0.024097228
7100623,0.04702665
7100624,0.031064386
7100625,0.029095693
7100626,0.054182976
7100627,0.027120847
7100628,0.17702198
7100629,0.036452986
7100630,0.031212397
7100631,0.05212384
7100632,0.025686331
7100633,0.04700585
7100634,0.024587212
7100635,0.023875052
7100636,0.016901013
7100637,0.13333032
7100638,0.029345311
7100639,0.02344794
7100640,0.03713795
7100641,0.01762203
7100642,0.04267013
7100643,0.02941891
7100644,0.025581215
7100645,0.056023676
7100646,0.028979564
7100647,0.023280952
7100648,0.041571513
7100649,0.026820106
7100650,0.026302507
7100651,0.030746058
7100652,0.02646157
7100653,0.020619176
7100654,0.028569173
7100655,0.10422337
7100656,0.022180354
7100657,0.09514391
7100658,0.019750344
7100659,0.067697056
7100660,0.03684484
7100661,0.023210762
7100662,0.01987384
7100663,0.047031038
7100664,0.14455359
7100665,0.05477868
7100666,0.02004864
7100667,0.028594485
7100668,0.036686137
7100669,0.037704315
7100670,0.023763822
7100671,0.09303967
7100672,0.03571931
7100673,0.05412064
7100674,0.043877807
7100675,0.0419326
7100676,0.028900245
7100677,0.019934805
7100678,0.028797988
7100679,0.02226112
7100680,0.05142873
7100681,0.21650161
7100682,0.014396897
7100683,0.030323822
7100684,0.048000082
7100685,0.020485975
7100686,0.122848555
7100687,0.020356255
7100688,0.02368904
7100689,0.09891017
7100690,0.03395964
7100691,0.06556937
7100692,0.044942643
7100693,0.018167783
7100694,0.020001937
7100695,0.018351756
7100696,0.035593566
7100697,0.019958869
7100698,0.2123752
7100699,0.019128216
7100700,0.025701836
7100701,0.024172021
7100702,0.042108893
7100703,0.03734069
7100704,0.07783541
7100705,0.026843904
7100706,0.03884345
7100707,0.03581777
7100708,0.047306694
7100709,0.03712898
7100710,0.087198615
7100711,0.0306484
7100712,0.031844277
7100713,0.030547088
7100714,0.044150863
7100715,0.050612226
7100716,0.028702684
7100717,0.030192165
7100718,0.043752775
7100719,0.021774044
7100720,0.024708645
7100721,0.11441644
7100722,0.04227658
7100723,0.076999314
7100724,0.033278696
7100725,0.035614785
7100726,0.031608686
7100727,0.027401647
7100728,0.05245545
7100729,0.023038337
7100730,0.035449155
7100731,0.026893212
7100732,0.023465194
7100733,0.054026213
7100734,0.05171669
7100735,0.052325897
7100736,0.029054232
7100737,0.026895175
7100738,0.04670885
7100739,0.09006425
7100740,0.03520224
7100741,0.036160193
7100742,0.025721068
7100743,0.0675632
7100744,0.026343329
7100745,0.034040086
7100746,0.053938866
7100747,0.030525392
7100748,0.023866758
7100749,0.030021194
7100750,0.06481935
7100751,0.042898495
7100752,0.06882462
7100753,0.031078719
7100754,0.055266984
7100755,0.042113163
7100756,0.02177114
7100757,0.031294834
7100758,0.017340472
7100759,0.034510493
7100760,0.031405944
7100761,0.027626773
7100762,0.12693278
7100763,0.030581988
7100764,0.03160448
7100765,0.030861124
7100766,0.053306922
7100767,0.04868057
7100768,0.018895058
7100769,0.048198696
7100770,0.018754758
7100771,0.024313517
7100772,0.031865776
7100773,0.05586019
7100774,0.12497643
7100775,0.021260226
7100776,0.03296589
7100777,0.07909311
7100778,0.056374505
7100779,0.055635434
7100780,0.018154902
7100781,0.025108522
7100782,0.034050055
7100783,0.035814468
7100784,0.156498
7100785,0.02357458
7100786,0.028208861
7100787,0.030587705
7100788,0.018598462
7100789,0.028202916
7100790,0.031867467
7100791,0.024948867
7100792,0.038269404
7100793,0.0672997
7100794,0.014344243
7100795,0.034049854
7100796,0.023115512
7100797,0.028843025
7100798,0.028566394
7100799,0.028438648
7100800,0.039573677
7100801,0.019738115
7100802,0.04008146
7100803,0.050434723
7100804,0.02677972
7100805,0.030363832
7100806,0.015191538
7100807,0.044315904
7100808,0.06478874
7100809,0.026371
7100810,0.0508848
7100811,0.029192796
7100812,0.016429387
7100813,0.032568365
7100814,0.026351688
7100815,0.030460866
7100816,0.018408185
7100817,0.029949851
7100818,0.06581137
7100819,0.021157485
7100820,0.027993172
7100821,0.053527083
7100822,0.023662323
7100823,0.023961037
7100824,0.025072178
7100825,0.15904482
7100826,0.05218778
7100827,0.028988943
7100828,0.047100376
7100829,0.0465135
7100830,0.021591926
7100831,0.030932171
7100832,0.08744294
7100833,0.02369905
7100834,0.0983501
7100835,0.030464137
7100836,0.018922567
7100837,0.044665575
7100838,0.025855454
7100839,0.049358584
7100840,0.02354475
7100841,0.11634318
7100842,0.029285587
7100843,0.04585843
7100844,0.020491604
7100845,0.031784125
7100846,0.044218726
7100847,0.027650775
7100848,0.030262617
7100849,0.051927146
7100850,0.022307558
7100851,0.0264294
7100852,0.027187767
7100853,0.027667776
7100854,0.035092454
7100855,0.039618332
7100856,0.02393031
7100857,0.04069944
7100858,0.025026144
7100859,0.0794996
7100860,0.026212808
7100861,0.047775432
7100862,0.0649004
7100863,0.0226429
7100864,0.020153241
7100865,0.034800965
7100866,0.029715722
7100867,0.025019001
7100868,0.030214617
7100869,0.026204616
7100870,0.014419018
7100871,0.03782189
7100872,0.04334639
7100873,0.038672097
7100874,0.044296443
7100875,0.034386378
7100876,0.032980982
7100877,0.035588976
7100878,0.027642328
7100879,0.05382187
7100880,0.038551487
7100881,0.041895386
7100882,0.027441304
7100883,0.027396176
7100884,0.038323775
7100885,0.019309035
7100886,0.027705224
7100887,0.013209855
7100888,0.03769045
7100889,0.020860765
7100890,0.06597724
7100891,0.20079783
7100892,0.05898208
7100893,0.037198003
7100894,0.02079121
7100895,0.035368074
7100896,0.08998627
7100897,0.11513422
7100898,0.02610597
7100899,0.020280791
7100900,0.07260725
7100901,0.021407433
7100902,0.047232095
7100903,0.026991006
7100904,0.031451806
7100905,0.02696848
7100906,0.037875447
7100907,0.03186731
7100908,0.06388581
7100909,0.027652128
7100910,0.038513634
7100911,0.057891466
7100912,0.020409739
7100913,0.08797427
7100914,0.061885882
7100915,0.023720728
7100916,0.024276206
7100917,0.043968853
7100918,0.027684616
7100919,0.029988319
7100920,0.031856436
7100921,0.02424398
7100922,0.05950638
7100923,0.02534751
7100924,0.041828554
7100925,0.037802618
7100926,0.034808252
7100927,0.12915748
7100928,0.022583595
7100929,0.024001269
7100930,0.02107812
7100931,0.031124074
7100932,0.047774762
7100933,0.033539586
7100934,0.025127588
7100935,0.037082594
7100936,0.045741428
7100937,0.03352689
7100938,0.030967364
7100939,0.068890646
7100940,0.045159888
7100941,0.02845424
7100942,0.022371115
7100943,0.020243641
7100944,0.033744864
7100945,0.045088116
7100946,0.03864065
7100947,0.028027214
7100948,0.025497083
7100949,0.044637058
7100950,0.21679004
7100951,0.027102105
7100952,0.034779724
7100953,0.02491463
7100954,0.016333913
7100955,0.028761622
7100956,0.06953238
7100957,0.046947315
7100958,0.044722356
7100959,0.044480827
7100960,0.01593772
7100961,0.05907121
7100962,0.088249385
7100963,0.04174485
7100964,0.01981063
7100965,0.028084854
7100966,0.027833294
7100967,0.02134454
7100968,0.02452175
7100969,0.07249829
7100970,0.020498179
7100971,0.018474013
7100972,0.032574784
7100973,0.029105192
7100974,0.031234771
7100975,0.026726486
7100976,0.11124328
7100977,0.0329689
7100978,0.029755874
7100979,0.106234916
7100980,0.03447358
7100981,0.076164894
7100982,0.021593507
7100983,0.031034874
7100984,0.02610568
7100985,0.040197
7100986,0.028902749
7100987,0.02812441
7100988,0.01689747
7100989,0.030339861
7100990,0.025965134
7100991,0.025387065
7100992,0.032704674
7100993,0.01836224
7100994,0.051410105
7100995,0.02488753
7100996,0.05818843
7100997,0.021436071
7100998,0.29175285
7100999,0.036127295
7101000,0.031887587
7101001,0.039333835
7101002,0.043820336
7101003,0.028044378
7101004,0.03425737
7101005,0.058396265
7101006,0.025290806
7101007,0.02605351
7101008,0.013081467
7101009,0.034599245
7101010,0.027216231
7101011,0.029400676
7101012,0.032299075
7101013,0.051354673
7101014,0.03611446
7101015,0.03950203
7101016,0.025469728
7101017,0.022441292
7101018,0.030776273
7101019,0.019310081
7101020,0.019001389
7101021,0.046679836
7101022,0.022987943
7101023,0.022695335
7101024,0.03408368
7101025,0.08465429
7101026,0.03236335
7101027,0.032236032
7101028,0.030559523
7101029,0.02022045
7101030,0.050440535
7101031,0.061761644
7101032,0.023375869
7101033,0.031211065
7101034,0.021113126
7101035,0.042020496
7101036,0.044886842
7101037,0.024806885
7101038,0.26003936
7101039,0.044008713
7101040,0.04019849
7101041,0.04297253
7101042,0.067261234
7101043,0.16399322
7101044,0.019870682
7101045,0.02644779
7101046,0.026000392
7101047,0.025887998
7101048,0.06422724
7101049,0.025230847
7101050,0.023985785
7101051,0.06653961
7101052,0.037058193
7101053,0.02829017
7101054,0.031397488
7101055,0.022588823
7101056,0.03337161
7101057,0.023101168
7101058,0.024692172
7101059,0.05254637
7101060,0.02993741
7101061,0.03064451
7101062,0.036416225
7101063,0.027959092
7101064,0.046582386
7101065,0.022897275
7101066,0.020094037
7101067,0.041089717
7101068,0.017811887
7101069,0.16049184
7101070,0.02677198
7101071,0.124391444
7101072,0.21460977
7101073,0.07599129
7101074,0.030031769
7101075,0.025733827
7101076,0.04451481
7101077,0.01378792
7101078,0.037718754
7101079,0.018070191
7101080,0.05858919
7101081,0.1401431
7101082,0.0985916
7101083,0.036330637
7101084,0.07870525
7101085,0.0231598
7101086,0.020391027
7101087,0.08968976
7101088,0.02432881
7101089,0.05469945
7101090,0.04024368
7101091,0.048545096
7101092,0.022190508
7101093,0.027181996
7101094,0.01581396
7101095,0.030737244
7101096,0.05696027
7101097,0.028289592
7101098,0.02428021
7101099,0.11275402
7101100,0.032183323
7101101,0.027545596
7101102,0.022004971
7101103,0.033738136
7101104,0.020083155
7101105,0.030799886
7101106,0.0349355
7101107,0.14376915
7101108,0.026009412
7101109,0.05430161
7101110,0.028182507
7101111,0.043944597
7101112,0.10709558
7101113,0.054413117
7101114,0.042190313
7101115,0.03703083
7101116,0.031765427
7101117,0.021768441
7101118,0.021296917
7101119,0.033984434
7101120,0.023096262
7101121,0.058798995
7101122,0.022261132
7101123,0.06293887
7101124,0.050573483
7101125,0.016084827
7101126,0.040683836
7101127,0.01902656
7101128,0.033631574
7101129,0.03239396
7101130,0.04043501
7101131,0.01879564
7101132,0.021000322
7101133,0.104543395
7101134,0.01925108
7101135,0.019971648
7101136,0.024934063
7101137,0.028064271
7101138,0.037370842
7101139,0.027282557
7101140,0.03315158
7101141,0.09558996
7101142,0.076158404
7101143,0.020501079
7101144,0.053394474
7101145,0.041571055
7101146,0.05137561
7101147,0.039855275
7101148,0.03853121
7101149,0.038534246
7101150,0.022443337
7101151,0.052490655
7101152,0.06232378
7101153,0.023420949
7101154,0.04027172
7101155,0.022156717
7101156,0.025413958
7101157,0.119868815
7101158,0.071894795
7101159,0.037373193
7101160,0.036354624
7101161,0.028262772
7101162,0.035891905
7101163,0.026169796
7101164,0.034667343
7101165,0.05382532
7101166,0.045477595
7101167,0.03137277
7101168,0.018762093
7101169,0.046170205
7101170,0.019714925
7101171,0.05031855
7101172,0.03714501
7101173,0.03329638
7101174,0.057637475
7101175,0.052906353
7101176,0.17438072
7101177,0.019121313
7101178,0.028429074
7101179,0.043280628
7101180,0.06864943
7101181,0.045898456
7101182,0.03056101
7101183,0.054083098
7101184,0.020435534
7101185,0.046857234
7101186,0.02274797
7101187,0.020767154
7101188,0.043924216
7101189,0.023622561
7101190,0.032608442
7101191,0.071381405
7101192,0.044661537
7101193,0.023549072
7101194,0.10650404
7101195,0.032667026
7101196,0.016153835
7101197,0.025011744
7101198,0.036414996
7101199,0.050628677
7101200,0.020390116
7101201,0.031518072
7101202,0.026214339
7101203,0.022079354
7101204,0.045897223
7101205,0.028985932
7101206,0.036800377
7101207,0.030001296
7101208,0.031129798
7101209,0.044720132
7101210,0.047645956
7101211,0.030947795
7101212,0.020883555
7101213,0.046624657
7101214,0.03317193
7101215,0.027333265
7101216,0.026744235
7101217,0.051612146
7101218,0.06324351
7101219,0.028209854
7101220,0.025063122
7101221,0.044767577
7101222,0.04471366
7101223,0.03477211
7101224,0.027025027
7101225,0.047793996
7101226,0.04370199
7101227,0.0274601
7101228,0.023280634
7101229,0.021315405
7101230,0.028105207
7101231,0.028937293
7101232,0.04332849
7101233,0.038098335
7101234,0.024900692
7101235,0.019396635
7101236,0.0630787
7101237,0.03837298
7101238,0.034630354
7101239,0.043642048
7101240,0.058729284
7101241,0.027132763
7101242,0.033891395
7101243,0.02844788
7101244,0.025259238
7101245,0.05182694
7101246,0.11228459
7101247,0.030357027
7101248,0.04014619
7101249,0.2152554
7101250,0.050755426
7101251,0.020507667
7101252,0.024953814
7101253,0.028994204
7101254,0.022113783
7101255,0.03546043
7101256,0.021151215
7101257,0.029151702
7101258,0.049098488
7101259,0.029338665
7101260,0.025605546
7101261,0.03101677
7101262,0.039213877
7101263,0.055703152
7101264,0.024338674
7101265,0.040981803
7101266,0.028846042
7101267,0.03576119
7101268,0.05138695
7101269,0.029649403
7101270,0.04220868
7101271,0.04604604
7101272,0.03759127
7101273,0.030325605
7101274,0.08104447
7101275,0.024248445
7101276,0.03267416
7101277,0.034520753
7101278,0.04317725
7101279,0.074209794
7101280,0.02995172
7101281,0.02374182
7101282,0.032916225
7101283,0.033237554
7101284,0.036225583
7101285,0.051703356
7101286,0.030538348
7101287,0.04768993
7101288,0.03421349
7101289,0.05731749
7101290,0.047601327
7101291,0.04262306
7101292,0.019874675
7101293,0.049090672
7101294,0.13871484
7101295,0.021136673
7101296,0.03244675
7101297,0.053668607
7101298,0.024775714
7101299,0.01754074
7101300,0.027164202
7101301,0.032655112
7101302,0.21006276
7101303,0.024797387
7101304,0.02621243
7101305,0.01422783
7101306,0.017125145
7101307,0.022060758
7101308,0.031643823
7101309,0.043801557
7101310,0.08218017
7101311,0.03056682
7101312,0.025941564
7101313,0.017789796
7101314,0.0383525
7101315,0.02553808
7101316,0.09905422
7101317,0.031160736
7101318,0.02305476
7101319,0.03286549
7101320,0.022099387
7101321,0.035758495
7101322,0.024045955
7101323,0.03642862
7101324,0.027543511
7101325,0.07285227
7101326,0.025035512
7101327,0.019572569
7101328,0.030313773
7101329,0.0327121
7101330,0.016201649
7101331,0.0531121
7101332,0.027798643
7101333,0.018403849
7101334,0.024027923
7101335,0.028891336
7101336,0.043368764
7101337,0.03809314
7101338,0.028354725
7101339,0.029198037
7101340,0.017738184
7101341,0.038185425
7101342,0.02250948
7101343,0.030546976
7101344,0.041239783
7101345,0.021336548
7101346,0.043329623
7101347,0.09693201
7101348,0.032647904
7101349,0.030464886
7101350,0.014199734
7101351,0.030729685
7101352,0.066257104
7101353,0.019918885
7101354,0.0251119
7101355,0.038591858
7101356,0.03724813
7101357,0.03936423
7101358,0.09575618
7101359,0.036754213
7101360,0.020667631
7101361,0.01934799
7101362,0.045267094
7101363,0.051014725
7101364,0.025597423
7101365,0.020233378
7101366,0.020992829
7101367,0.023868842
7101368,0.027994718
7101369,0.038365595
7101370,0.098863795
7101371,0.056474227
7101372,0.01796366
7101373,0.03495638
7101374,0.09301417
7101375,0.026705965
7101376,0.037104495
7101377,0.054343224
7101378,0.019247105
7101379,0.019254474
7101380,0.026547981
7101381,0.02853369
7101382,0.061427902
7101383,0.043288987
7101384,0.038234178
7101385,0.035332076
7101386,0.034172107
7101387,0.022499567
7101388,0.029867992
7101389,0.027589172
7101390,0.1330261
7101391,0.03101468
7101392,0.109452926
7101393,0.0552035
7101394,0.101854905
7101395,0.03422354
7101396,0.022184504
7101397,0.04598023
7101398,0.029118376
7101399,0.020091001
7101400,0.031389177
7101401,0.047371928
7101402,0.035355616
7101403,0.03400131
7101404,0.023180211
7101405,0.103131756
7101406,0.050488435
7101407,0.019629698
7101408,0.0624778
7101409,0.022344513
7101410,0.01779822
7101411,0.03367594
7101412,0.016904444
7101413,0.08381333
7101414,0.036551666
7101415,0.024964657
7101416,0.042377662
7101417,0.025461037
7101418,0.025393613
7101419,0.031141493
7101420,0.036251552
7101421,0.039619744
7101422,0.12696445
7101423,0.05067496
7101424,0.028286641
7101425,0.020764794
7101426,0.039739624
7101427,0.0299123
7101428,0.032405302
7101429,0.04804242
7101430,0.027257517
7101431,0.032189075
7101432,0.050974663
7101433,0.04291438
7101434,0.024115661
7101435,0.020754464
7101436,0.023043357
7101437,0.027289802
7101438,0.10994569
7101439,0.031249726
7101440,0.012592975
7101441,0.025718343
7101442,0.040948894
7101443,0.053726967
7101444,0.105876155
7101445,0.046573684
7101446,0.035848815
7101447,0.035181124
7101448,0.041335735
7101449,0.022404233
7101450,0.06708804
7101451,0.13691585
7101452,0.027467761
7101453,0.04044261
7101454,0.026569067
7101455,0.04809903
7101456,0.023562608
7101457,0.045874823
7101458,0.022699958
7101459,0.03646495
7101460,0.026045369
7101461,0.064111196
7101462,0.014129971
7101463,0.025370058
7101464,0.054799777
7101465,0.015877726
7101466,0.028603023
7101467,0.037400335
7101468,0.03960996
7101469,0.076796345
7101470,0.087572895
7101471,0.026987486
7101472,0.030909138
7101473,0.024978705
7101474,0.023614995
7101475,0.045239672
7101476,0.04229251
7101477,0.030016765
7101478,0.026396317
7101479,0.034471042
7101480,0.028931018
7101481,0.03927288
7101482,0.027545217
7101483,0.04427729
7101484,0.09083847
7101485,0.021473264
7101486,0.0328171
7101487,0.052078873
7101488,0.07223609
7101489,0.02359653
7101490,0.025306335
7101491,0.023812626
7101492,0.109801605
7101493,0.019090528
7101494,0.062113136
7101495,0.03926921
7101496,0.02932889
7101497,0.03920082
7101498,0.02901419
7101499,0.025192527
7101500,0.06209461
7101501,0.029368976
7101502,0.053861562
7101503,0.044616036
7101504,0.14690013
7101505,0.019912647
7101506,0.028647354
7101507,0.024280725
7101508,0.038681604
7101509,0.02024223
7101510,0.05222505
7101511,0.024142778
7101512,0.03176649
7101513,0.021221159
7101514,0.08813569
7101515,0.055130232
7101516,0.08470617
7101517,0.023794739
7101518,0.057082906
7101519,0.075993255
7101520,0.02665756
7101521,0.03494563
7101522,0.019287871
7101523,0.16329516
7101524,0.039200664
7101525,0.018825531
7101526,0.020718105
7101527,0.019368209
7101528,0.025708089
7101529,0.034158908
7101530,0.031278502
7101531,0.040315222
7101532,0.045168318
7101533,0.057902675
7101534,0.03375159
7101535,0.020218022
7101536,0.06307264
7101537,0.023143396
7101538,0.023195602
7101539,0.034622025
7101540,0.05174126
7101541,0.13581122
7101542,0.028267829
7101543,0.04450212
7101544,0.24121729
7101545,0.041184843
7101546,0.039990775
7101547,0.023449663
7101548,0.018904248
7101549,0.02450933
7101550,0.032358993
7101551,0.02481262
7101552,0.07936281
7101553,0.019990498
7101554,0.02595617
7101555,0.027804336
7101556,0.035808902
7101557,0.07747298
7101558,0.033183243
7101559,0.016686207
7101560,0.028824052
7101561,0.02559691
7101562,0.023350276
7101563,0.07058978
7101564,0.027631233
7101565,0.022587353
7101566,0.060252465
7101567,0.034618866
7101568,0.039167423
7101569,0.32633516
7101570,0.048730582
7101571,0.032931075
7101572,0.040347904
7101573,0.035886314
7101574,0.039136674
7101575,0.024096703
7101576,0.23704593
7101577,0.024653628
7101578,0.030318636
7101579,0.058467086
7101580,0.028740516
7101581,0.039483286
7101582,0.028677948
7101583,0.042217664
7101584,0.040060755
7101585,0.029863538
7101586,0.015235867
7101587,0.025681652
7101588,0.026379192
7101589,0.064697176
7101590,0.16985056
7101591,0.035341997
7101592,0.024321584
7101593,0.039614495
7101594,0.02802465
7101595,0.027101994
7101596,0.021733688
7101597,0.033910166
7101598,0.062802486
7101599,0.025563616
7101600,0.07898675
7101601,0.023594193
7101602,0.18018013
7101603,0.049032822
7101604,0.042888023
7101605,0.043967538
7101606,0.04485779
7101607,0.21249054
7101608,0.03987586
7101609,0.031300806
7101610,0.04024578
7101611,0.031701226
7101612,0.026951475
7101613,0.04317055
7101614,0.032611452
7101615,0.01764614
7101616,0.041012768
7101617,0.065399334
7101618,0.038006723
7101619,0.0569447
7101620,0.030820306
7101621,0.017763436
7101622,0.026627742
7101623,0.03623857
7101624,0.046352245
7101625,0.027290734
7101626,0.027228834
7101627,0.017639827
7101628,0.019407772
7101629,0.03437126
7101630,0.020373564
7101631,0.015341949
7101632,0.041074518
7101633,0.03384111
7101634,0.030037386
7101635,0.030901268
7101636,0.04875598
7101637,0.022821976
7101638,0.048912585
7101639,0.06414281
7101640,0.02216128
7101641,0.030322436
7101642,0.32633516
7101643,0.037294302
7101644,0.042225726
7101645,0.09987074
7101646,0.04927304
7101647,0.03028029
7101648,0.03511488
7101649,0.027459858
7101650,0.047511585
7101651,0.035668798
7101652,0.019057898
7101653,0.0154228285
7101654,0.038185712
7101655,0.023791306
7101656,0.021228133
7101657,0.050789725
7101658,0.035203047
7101659,0.02549721
7101660,0.050405085
7101661,0.029888317
7101662,0.02719048
7101663,0.02286508
7101664,0.029659003
7101665,0.030368576
7101666,0.24194722
7101667,0.038292047
7101668,0.022556907
7101669,0.05568527
7101670,0.021953195
7101671,0.03714996
7101672,0.028383529
7101673,0.02101362
7101674,0.024321368
7101675,0.061827812
7101676,0.034973927
7101677,0.028202726
7101678,0.04581867
7101679,0.029640973
7101680,0.03565362
7101681,0.022472013
7101682,0.016763957
7101683,0.030371442
7101684,0.03459363
7101685,0.065639205
7101686,0.023818884
7101687,0.024698902
7101688,0.016547564
7101689,0.049057674
7101690,0.030260757
7101691,0.030034881
7101692,0.028596275
7101693,0.024120476
7101694,0.100485854
7101695,0.043914936
7101696,0.02729017
7101697,0.02605156
7101698,0.039259177
7101699,0.025594192
7101700,0.043134872
7101701,0.0457662
7101702,0.019763693
7101703,0.03623066
7101704,0.09314551
7101705,0.028844409
7101706,0.024941387
7101707,0.061089694
7101708,0.027698074
7101709,0.013818018
7101710,0.14182147
7101711,0.19434975
7101712,0.018629001
7101713,0.04046773
7101714,0.02702327
7101715,0.037042465
7101716,0.056905333
7101717,0.15431622
7101718,0.034251217
7101719,0.025232859
7101720,0.031165415
7101721,0.016844843
7101722,0.030919328
7101723,0.21118654
7101724,0.030099034
7101725,0.022065427
7101726,0.1638802
7101727,0.024004746
7101728,0.031757563
7101729,0.042868618
7101730,0.021619545
7101731,0.071368776
7101732,0.024013227
7101733,0.025264135
7101734,0.02549972
7101735,0.016340299
7101736,0.02276683
7101737,0.030737525
7101738,0.037797708
7101739,0.0297533
7101740,0.02967984
7101741,0.041810725
7101742,0.056480225
7101743,0.022338122
7101744,0.023350352
7101745,0.016601637
7101746,0.018863328
7101747,0.04037879
7101748,0.021180453
7101749,0.023541974
7101750,0.042278107
7101751,0.06630195
7101752,0.10475088
7101753,0.01970661
7101754,0.08312616
7101755,0.029060032
7101756,0.022963656
7101757,0.1578342
7101758,0.06114783
7101759,0.10818146
7101760,0.14246336
7101761,0.042496428
7101762,0.016652878
7101763,0.021941831
7101764,0.018348277
7101765,0.056298837
7101766,0.029576013
7101767,0.03271878
7101768,0.063860156
7101769,0.03370363
7101770,0.058115054
7101771,0.02089231
7101772,0.035136957
7101773,0.033429515
7101774,0.028346378
7101775,0.02904348
7101776,0.04606934
7101777,0.025078937
7101778,0.03128856
7101779,0.04532211
7101780,0.03391823
7101781,0.02637085
7101782,0.030742673
7101783,0.32633516
7101784,0.061060857
7101785,0.022303194
7101786,0.022584016
7101787,0.029821707
7101788,0.033173744
7101789,0.05522975
7101790,0.04719431
7101791,0.059107788
7101792,0.027389333
7101793,0.052375283
7101794,0.03788112
7101795,0.04563659
7101796,0.02964122
7101797,0.052312672
7101798,0.03410989
7101799,0.0377884
7101800,0.022740303
7101801,0.043247532
7101802,0.019275546
7101803,0.011669025
7101804,0.22642846
7101805,0.064936884
7101806,0.02442535
7101807,0.027098471
7101808,0.029406406
7101809,0.036285006
7101810,0.108173065
7101811,0.033063598
7101812,0.02465154
7101813,0.033920065
7101814,0.028839579
7101815,0.021732088
7101816,0.022744805
7101817,0.028657416
7101818,0.06955938
7101819,0.030467516
7101820,0.0608998
7101821,0.026931321
7101822,0.03303069
7101823,0.034006104
7101824,0.039107468
7101825,0.03851691
7101826,0.02546274
7101827,0.031556256
7101828,0.019268481
7101829,0.018924955
7101830,0.021707853
7101831,0.028212456
7101832,0.0147081185
7101833,0.038872156
7101834,0.04628065
7101835,0.042276677
7101836,0.031133985
7101837,0.04918778
7101838,0.017100876
7101839,0.044809755
7101840,0.1098376
7101841,0.018588165
7101842,0.021351878
7101843,0.020596154
7101844,0.034318235
7101845,0.0379446
7101846,0.025131077
7101847,0.041795347
7101848,0.032764338
7101849,0.070968255
7101850,0.022653777
7101851,0.048135623
7101852,0.019113677
7101853,0.018422797
7101854,0.013752051
7101855,0.03120944
7101856,0.019195624
7101857,0.016296865
7101858,0.015350041
7101859,0.023008183
7101860,0.022539064
7101861,0.017720489
7101862,0.025311029
7101863,0.04493553
7101864,0.032674015
7101865,0.016433764
7101866,0.03569082
7101867,0.03363972
7101868,0.02141829
7101869,0.06816345
7101870,0.024846015
7101871,0.01905232
7101872,0.045106336
7101873,0.030569604
7101874,0.036857717
7101875,0.020464657
7101876,0.029336276
7101877,0.034809466
7101878,0.031379055
7101879,0.064416245
7101880,0.023756247
7101881,0.032405328
7101882,0.0397326
7101883,0.02406405
7101884,0.037371267
7101885,0.03677285
7101886,0.042730417
7101887,0.07717795
7101888,0.025947038
7101889,0.029164769
7101890,0.080265455
7101891,0.04144412
7101892,0.021970585
7101893,0.1572731
7101894,0.05752212
7101895,0.033822298
7101896,0.024739368
7101897,0.044505153
7101898,0.046607513
7101899,0.024654385
7101900,0.021287208
7101901,0.042129282
7101902,0.026533453
7101903,0.03836893
7101904,0.039775085
7101905,0.029308833
7101906,0.03204153
7101907,0.032407116
7101908,0.26199272
7101909,0.025602302
7101910,0.10236334
7101911,0.020867769
7101912,0.044513326
7101913,0.033563085
7101914,0.043982755
7101915,0.03409
7101916,0.027367031
7101917,0.13011147
7101918,0.18437012
7101919,0.036390316
7101920,0.022337513
7101921,0.07380683
7101922,0.06663618
7101923,0.043009464
7101924,0.032840177
7101925,0.059930798
7101926,0.015665554
7101927,0.02784514
7101928,0.026935555
7101929,0.043042976
7101930,0.023772022
7101931,0.045553632
7101932,0.044423934
7101933,0.09191943
7101934,0.022549538
7101935,0.060215406
7101936,0.061752368
7101937,0.056708887
7101938,0.026351985
7101939,0.047791384
7101940,0.055763744
7101941,0.017383441
7101942,0.07206348
7101943,0.024224738
7101944,0.10166874
7101945,0.10244939
7101946,0.058876734
7101947,0.034303796
7101948,0.053074814
7101949,0.038713563
7101950,0.016703662
7101951,0.029853
7101952,0.035425995
7101953,0.03379789
7101954,0.03729556
7101955,0.059555296
7101956,0.05520757
7101957,0.08465903
7101958,0.023451796
7101959,0.027821716
7101960,0.062287323
7101961,0.037169717
7101962,0.018550197
7101963,0.03171741
7101964,0.043400202
7101965,0.15024215
7101966,0.02376983
7101967,0.029772399
7101968,0.036250327
7101969,0.06573946
7101970,0.037526473
7101971,0.16095342
7101972,0.07988705
7101973,0.06501314
7101974,0.040131427
7101975,0.02163809
7101976,0.060271963
7101977,0.03167977
7101978,0.031348478
7101979,0.032280304
7101980,0.030648457
7101981,0.017327314
7101982,0.037826277
7101983,0.02680514
7101984,0.02488914
7101985,0.03206369
7101986,0.02171133
7101987,0.030655215
7101988,0.018671786
7101989,0.02161064
7101990,0.020124655
7101991,0.050134122
7101992,0.053970143
7101993,0.058986742
7101994,0.03511652
7101995,0.034660418
7101996,0.018528098
7101997,0.0400625
7101998,0.023762662
7101999,0.056694064
7102000,0.053804338
7102001,0.05400761
7102002,0.022539703
7102003,0.045766477
7102004,0.020580325
7102005,0.03134453
7102006,0.02894595
7102007,0.020391807
7102008,0.022405135
7102009,0.08730586
7102010,0.03541912
7102011,0.03201186
7102012,0.032058835
7102013,0.029553344
7102014,0.11265478
7102015,0.04242574
7102016,0.02695429
7102017,0.021796392
7102018,0.046642736
7102019,0.021649085
7102020,0.043035414
7102021,0.02591784
7102022,0.034541924
7102023,0.042913936
7102024,0.016261749
7102025,0.017028235
7102026,0.05086203
7102027,0.01815547
7102028,0.03010842
7102029,0.19256172
7102030,0.019054785
7102031,0.029560847
7102032,0.023878599
7102033,0.038424
7102034,0.03484978
7102035,0.21118654
7102036,0.021751668
7102037,0.03107679
7102038,0.022736996
7102039,0.023081413
7102040,0.024879003
7102041,0.023079317
7102042,0.021593073
7102043,0.09524683
7102044,0.02685504
7102045,0.03046401
7102046,0.018960463
7102047,0.03273575
7102048,0.02176145
7102049,0.033016007
7102050,0.022152396
7102051,0.016320497
7102052,0.05397652
7102053,0.03921951
7102054,0.10587431
7102055,0.023678362
7102056,0.019892596
7102057,0.033271864
7102058,0.027189706
7102059,0.11588663
7102060,0.055974066
7102061,0.033285823
7102062,0.034488432
7102063,0.06618625
7102064,0.034876745
7102065,0.087690465
7102066,0.018824633
7102067,0.014165313
7102068,0.07510576
7102069,0.11113714
7102070,0.03726102
7102071,0.049236584
7102072,0.020886065
7102073,0.085656516
7102074,0.037830878
7102075,0.020269997
7102076,0.049331598
7102077,0.085856035
7102078,0.02003054
7102079,0.026118085
7102080,0.120201364
7102081,0.0537275
7102082,0.08017947
7102083,0.031142736
7102084,0.049216356
7102085,0.265811
7102086,0.047675457
7102087,0.091387354
7102088,0.0226478
7102089,0.05420153
7102090,0.07756774
7102091,0.030588597
7102092,0.027030444
7102093,0.040572867
7102094,0.030550387
7102095,0.020430151
7102096,0.018739944
7102097,0.058403328
7102098,0.016971342
7102099,0.032631077
7102100,0.026762344
7102101,0.036855396
7102102,0.034091484
7102103,0.043082472
7102104,0.063242905
7102105,0.020753097
7102106,0.021552874
7102107,0.17381746
7102108,0.036913384
7102109,0.069004856
7102110,0.023921708
7102111,0.013951558
7102112,0.037901815
7102113,0.01333529
7102114,0.023500308
7102115,0.05359067
7102116,0.07138937
7102117,0.022100186
7102118,0.04100498
7102119,0.033469573
7102120,0.14441784
7102121,0.021841528
7102122,0.05077655
7102123,0.03819237
7102124,0.029484011
7102125,0.020228807
7102126,0.03683599
7102127,0.018574039
7102128,0.018343922
7102129,0.023948284
7102130,0.041843385
7102131,0.036320053
7102132,0.034773212
7102133,0.035868354
7102134,0.028936163
7102135,0.018252933
7102136,0.023826705
7102137,0.07475331
7102138,0.024972353
7102139,0.036513764
7102140,0.07352336
7102141,0.03437447
7102142,0.06309567
7102143,0.026002033
7102144,0.034896646
7102145,0.038514644
7102146,0.13551119
7102147,0.02956028
7102148,0.036699556
7102149,0.03326665
7102150,0.02860737
7102151,0.026599301
7102152,0.01881959
7102153,0.027470844
7102154,0.021411963
7102155,0.038267404
7102156,0.027209464
7102157,0.027588487
7102158,0.021958226
7102159,0.023813516
7102160,0.07813037
7102161,0.027237386
7102162,0.030832432
7102163,0.019356554
7102164,0.04659552
7102165,0.019366639
7102166,0.036053743
7102167,0.1361188
7102168,0.052050255
7102169,0.11841583
7102170,0.016002733
7102171,0.0397364
7102172,0.055449683
7102173,0.030795177
7102174,0.21489663
7102175,0.030233743
7102176,0.028763631
7102177,0.03703075
7102178,0.067133516
7102179,0.01993828
7102180,0.048896696
7102181,0.02995434
7102182,0.14080171
7102183,0.03398656
7102184,0.026486613
7102185,0.02042988
7102186,0.020913737
7102187,0.03652661
7102188,0.027945494
7102189,0.02195308
7102190,0.034442533
7102191,0.030230917
7102192,0.036681663
7102193,0.034185134
7102194,0.03663619
7102195,0.026599217
7102196,0.026486939
7102197,0.024981527
7102198,0.02576983
7102199,0.04406152
7102200,0.01399217
7102201,0.016253313
7102202,0.046904728
7102203,0.03965993
7102204,0.020909665
7102205,0.027052725
7102206,0.028061537
7102207,0.06506531
7102208,0.06076278
7102209,0.040711157
7102210,0.051423993
7102211,0.10923859
7102212,0.04666427
7102213,0.051868312
7102214,0.032191034
7102215,0.023802526
7102216,0.10015703
7102217,0.045793872
7102218,0.019815754
7102219,0.105482936
7102220,0.023656284
7102221,0.050543144
7102222,0.027403373
7102223,0.022107413
7102224,0.030975182
7102225,0.06687209
7102226,0.027750155
7102227,0.087790616
7102228,0.028139481
7102229,0.018385725
7102230,0.018686365
7102231,0.027621346
7102232,0.034080587
7102233,0.032438606
7102234,0.029926224
7102235,0.067664705
7102236,0.030562913
7102237,0.025651673
7102238,0.02302031
7102239,0.06318338
7102240,0.1403936
7102241,0.051920798
7102242,0.040315222
7102243,0.047960274
7102244,0.036542997
7102245,0.29816216
7102246,0.030013377
7102247,0.089468315
7102248,0.028258335
7102249,0.030845804
7102250,0.05089988
7102251,0.048554037
7102252,0.024250286
7102253,0.029456401
7102254,0.035983637
7102255,0.0315869
7102256,0.040492307
7102257,0.03112716
7102258,0.030252077
7102259,0.04010394
7102260,0.023002565
7102261,0.031105502
7102262,0.03155199
7102263,0.070403785
7102264,0.026150031
7102265,0.034440555
7102266,0.027655944
7102267,0.05853386
7102268,0.066199616
7102269,0.022704495
7102270,0.036801714
7102271,0.026581254
7102272,0.03140829
7102273,0.035352297
7102274,0.18018013
7102275,0.02769065
7102276,0.022709379
7102277,0.040049713
7102278,0.028152369
7102279,0.035753347
7102280,0.0305352
7102281,0.05879686
7102282,0.03038076
7102283,0.02345635
7102284,0.032735925
7102285,0.022616226
7102286,0.122997716
7102287,0.05165804
7102288,0.037392825
7102289,0.022865618
7102290,0.027359158
7102291,0.025879275
7102292,0.08756942
7102293,0.04221613
7102294,0.035545472
7102295,0.024186563
7102296,0.04166441
7102297,0.043080162
7102298,0.030313592
7102299,0.029767262
7102300,0.092792414
7102301,0.024364168
7102302,0.033459228
7102303,0.0767212
7102304,0.020129744
7102305,0.031277146
7102306,0.020751286
7102307,0.022977376
7102308,0.22130285
7102309,0.031225326
7102310,0.023577489
7102311,0.023291903
7102312,0.030862581
7102313,0.015499013
7102314,0.022898475
7102315,0.035165574
7102316,0.032484878
7102317,0.042895615
7102318,0.048126556
7102319,0.027502825
